GROUP,Unit,DEVICE,NUM,UID,X,Y,Z,T_X,T_Y,T_Z,PI IP,NODE ID,DEVICE_TYPE,CONFIG,INSTALLED,NODE_TYPE,CONTROL IP,Actuator Number
TG1,HU1,MO,1,9,-4375.212243,0,-7602.202703,,,,10.14.4.201,362239,actuator,,,HU,10.14.4.198,MO 1
TG1,HU1,MO,2,10,-4601.55873,0,-7732.884038,,,,10.14.4.201,362239,actuator,,,HU,10.14.4.198,MO 2
TG1,HU1,MO,3,22,-4601.558842,0,-7994.246642,,,,10.14.4.201,362239,actuator,,,HU,10.14.4.198,MO 3
TG1,HU1,MO,4,23,-4374.641526,0,-8124.215707,,,,10.14.4.201,362239,actuator,,,HU,10.14.4.198,MO 4
TG1,HU1,MO,5,29,-4148.865532,0,-7994.246577,,,,10.14.4.201,362239,actuator,,,HU,10.14.4.198,MO 5
TG1,HU1,MO,6,30,-4148.865644,0,-7732.884102,,,,10.14.4.201,362239,actuator,,,HU,10.14.4.198,MO 6
TG1,HU1,DR,1,3,-4224.314473,0,-7602.202768,,,,10.14.4.201,356621,actuator,4,,HU,10.14.4.198,DR1
TG1,HU1,MO,3,20,-4299.763414,0,-7732.884038,,,,10.14.4.201,356621,actuator,,,HU,10.14.4.198,MO 7
TG1,HU1,DR,1,25,-4224.314473,0,-8124.927847,,,,10.14.4.201,356621,actuator,32,,HU,10.14.4.198,DR2
TG1,HU1,MO,3,21,-4299.763302,0,-7994.246512,,,,10.14.4.201,356621,actuator,,,HU,10.14.4.198,MO 8
TG1,HU1,DR,1,9,-4677.007671,0,-7863.565308,,,,10.14.4.201,356621,actuator,10,,HU,10.14.4.198,DR 3
TG1,HU1,MO,3,23,-4526.109901,0,-7863.565372,,,,10.14.4.201,356621,actuator,,,HU,10.14.4.198,MO 9
TG1,HU2,MO,1,9,-4148.865644,0,-8255.609181,,,,10.14.4.201,362336,actuator,,,HU,10.14.4.198,MO 10
TG1,HU2,MO,3,22,-4600.988237,0,-8254.896912,,,,10.14.4.201,362336,actuator,,,HU,10.14.4.198,MO 11
TG1,HU2,MO,4,23,-4600.417632,0,-8515.547182,,,,10.14.4.201,362336,actuator,,,HU,10.14.4.198,MO 12
TG1,HU2,MO,5,29,-4374.641526,0,-8646.940786,,,,10.14.4.201,362336,actuator,,,HU,10.14.4.198,MO 13
TG1,HU2,DR,1,3,-4072.846098,0,-8385.578181,,,,10.14.4.201,356572,actuator,4,,HU,10.14.4.198,DR 4
TG1,HU2,MO,3,20,-4223.743868,0,-8385.578117,,,,10.14.4.201,356572,actuator,,,HU,10.14.4.198,MO 14
TG1,HU2,DR,1,25,-4525.539295,0,-8646.940721,,,,10.14.4.201,356572,actuator,32,,HU,10.14.4.198,DR 5
TG1,HU2,MO,3,21,-4450.090354,0,-8516.259451,,,,10.14.4.201,356572,actuator,,,HU,10.14.4.198,MO 15
TG1,HU2,DR,1,9,-4525.449645,0,-8124.164455,,,,10.14.4.201,356572,actuator,10,,HU,10.14.4.198,DR 6
TG1,HU2,MO,3,23,-4450.090467,0,-8254.896977,,,,10.14.4.201,356572,actuator,,,HU,10.14.4.198,MO 16
TG1,HU3,MO,1,9,-3696.570609,0,-8777.661282,,,,10.14.4.201,362230,actuator,,,HU,10.14.4.198,MO 17
TG1,HU3,MO,2,10,-3696.570721,0,-8516.298808,,,,10.14.4.201,362230,actuator,,,HU,10.14.4.198,MO 18
TG1,HU3,MO,3,22,-3921.948328,0,-8385.578246,,,,10.14.4.201,362230,actuator,,,HU,10.14.4.198,MO 19
TG1,HU3,MO,4,23,-4148.295039,0,-8516.259451,,,,10.14.4.201,362230,actuator,,,HU,10.14.4.198,MO 20
TG1,HU3,MO,5,29,-4149.263919,0,-8777.661347,,,,10.14.4.201,362230,actuator,,,HU,10.14.4.198,MO 21
TG1,HU3,MO,6,30,-3922.91732,0,-8908.342487,,,,10.14.4.201,362230,actuator,,,HU,10.14.4.198,MO 22
TG1,HU3,DR,1,3,-3772.01955,0,-8908.342552,,,,10.14.4.201,"362374 (change to 3622370, replaced by NC30",actuator,4,,HU,10.14.4.198,DR 7
TG1,HU3,MO,3,20,-3847.468379,0,-8777.661218,,,,10.14.4.201,"362374 (change to 3622370, replaced by NC30",actuator,,,HU,10.14.4.198,MO23
TG1,HU3,DR,1,25,-4224.712747,0,-8646.980013,,,,10.14.4.201,"362374 (change to 3622370, replaced by NC30",actuator,32,,HU,10.14.4.198,DR 8
TG1,HU3,MO,3,21,-4073.814978,0,-8646.980078,,,,10.14.4.201,"362374 (change to 3622370, replaced by NC30",actuator,,,HU,10.14.4.198,MO24
TG1,HU3,DR,1,9,-3772.01955,0,-8385.617473,,,,10.14.4.201,"362374 (change to 3622370, replaced by NC30",actuator,10,,HU,10.14.4.198,DR 9
TG1,HU3,MO,3,23,-3847.468491,0,-8516.298743,,,,10.14.4.201,"362374 (change to 3622370, replaced by NC30",actuator,,,HU,10.14.4.198,MO25
TG2,HU1,MO,1,9,-4148.387403,0,-9559.296688,,,,10.14.4.202,356636,actuator,,,HU,10.14.4.198,MO26
TG2,HU1,MO,2,10,-4148.387516,0,-9297.934213,,,,10.14.4.202,356636,actuator,,,HU,10.14.4.198,MO27
TG2,HU1,MO,3,22,-4374.734114,0,-9167.252814,,,,10.14.4.202,356636,actuator,,,HU,10.14.4.198,MO28
TG2,HU1,MO,4,23,-4601.080601,0,-9297.934149,,,,10.14.4.202,356636,actuator,,,HU,10.14.4.198,MO29
TG2,HU1,MO,5,29,-4601.080713,0,-9559.296753,,,,10.14.4.202,356636,actuator,,,HU,10.14.4.198,MO30
TG2,HU1,MO,6,30,-4374.734114,0,-9689.977893,,,,10.14.4.202,356636,actuator,,,HU,10.14.4.198,MO31
TG2,HU1,DR,1,3,-4223.836344,0,-9689.977958,,,,10.14.4.202,362339,actuator,4,,HU,10.14.4.198,DR 10
TG2,HU1,MO,3,20,-4299.285173,0,-9559.296623,,,,10.14.4.202,362339,actuator,,,HU,10.14.4.198,MO 32
TG2,HU1,DR,1,25,-4676.529542,0,-9428.615419,,,,10.14.4.202,362339,actuator,32,,HU,10.14.4.198,DR 11
TG2,HU1,MO,3,21,-4525.631772,0,-9428.615483,,,,10.14.4.202,362339,actuator,,,HU,10.14.4.198,MO 33
TG2,HU1,DR,1,9,-4223.836345,0,-9167.252879,,,,10.14.4.202,362339,actuator,10,,HU,10.14.4.198,DR 12
TG2,HU1,MO,3,23,-4299.285286,0,-9297.934149,,,,10.14.4.202,362339,actuator,,,HU,10.14.4.198,MO 34
TG2,HU2,MO,1,9,-4827.095771,0,-9429.465776,,,,10.14.4.202,356444,actuator,,,HU,10.14.4.198,MO 35
TG2,HU2,MO,3,22,-4600.417631,0,-9038.27226,,,,10.14.4.202,356444,actuator,,,HU,10.14.4.198,MO 36
TG2,HU2,MO,4,23,-4827.095771,0,-8906.740698,,,,10.14.4.202,356444,actuator,,,HU,10.14.4.198,MO 37
TG2,HU2,MO,5,29,-5053.442482,0,-9037.421903,,,,10.14.4.202,356444,actuator,,,HU,10.14.4.198,MO 38
TG2,HU2,DR,1,3,-4977.993541,0,-9429.465712,,,,10.14.4.202,362311,actuator,4,,HU,10.14.4.198,DR 13
TG2,HU2,MO,3,20,-4902.5446,0,-9298.784442,,,,10.14.4.202,362311,actuator,,,HU,10.14.4.198,MO 39
TG2,HU2,DR,1,25,-4977.993541,0,-8906.740633,,,,10.14.4.202,362311,actuator,32,,HU,10.14.4.198,DR 14
TG2,HU2,MO,3,21,-4902.544712,0,-9037.421967,,,,10.14.4.202,362311,actuator,,,HU,10.14.4.198,MO 40
TG2,HU2,DR,1,9,-4525.300343,0,-9168.103172,,,,10.14.4.202,362311,actuator,10,,HU,10.14.4.198,DR 15
TG2,HU2,MO,3,23,-4676.198113,0,-9168.103107,,,,10.14.4.202,362311,actuator,,,HU,10.14.4.198,MO 41
TG2,HU3,MO,1,9,-5505.685211,0,-9559.288294,,,,10.14.4.202,362263,actuator,,,HU,10.14.4.198,MO 42
TG2,HU3,MO,2,10,-5279.338612,0,-9689.969434,,,,10.14.4.202,362263,actuator,,,HU,10.14.4.198,MO 43
TG2,HU3,MO,3,22,-5053.442482,0,-9560.146981,,,,10.14.4.202,362263,actuator,,,HU,10.14.4.198,MO 44
TG2,HU3,MO,4,23,-5052.992014,0,-9297.925754,,,,10.14.4.202,362263,actuator,,,HU,10.14.4.198,MO 45
TG2,HU3,MO,5,29,-5279.338613,0,-9167.244355,,,,10.14.4.202,362263,actuator,,,HU,10.14.4.198,MO 46
TG2,HU3,MO,6,30,-5505.685099,0,-9297.925689,,,,10.14.4.202,362263,actuator,,,HU,10.14.4.198,MO 47
TG2,HU3,DR,1,3,-5577.934047,0,-9428.613499,,,,10.14.4.202,362297,actuator,4,,HU,10.14.4.198,DR 16
TG2,HU3,MO,3,20,-5430.23627,0,-9428.607024,,,,10.14.4.202,362297,actuator,,,HU,10.14.4.198,MO 48
TG2,HU3,DR,1,25,-5128.440843,0,-9167.24442,,,,10.14.4.202,362297,actuator,32,,HU,10.14.4.198,DR 17
TG2,HU3,MO,3,21,-5203.889784,0,-9297.925689,,,,10.14.4.202,362297,actuator,,,HU,10.14.4.198,MO 49
TG2,HU3,DR,1,9,-5128.440842,0,-9689.969498,,,,10.14.4.202,362297,actuator,10,,HU,10.14.4.198,DR 18
TG2,HU3,MO,3,23,-5203.889671,0,-9559.288164,,,,10.14.4.202,362297,actuator,,,HU,10.14.4.198,MO 50
TG2,HU1,MO,1,9,-5956.692932,0,-8777.185769,,,,10.14.4.203,362226,actuator,,No,HU,10.14.4.198,MO 51
TG2,HU1,MO,2,10,-5730.346333,0,-8907.866909,,,,10.14.4.203,362226,actuator,,No,HU,10.14.4.198,MO 52
TG3,HU1,MO,3,22,-5503.999622,0,-8777.185704,,,,10.14.4.203,362226,actuator,,,HU,10.14.4.198,MO 53
TG3,HU1,MO,4,23,-5504.901768,0,-8515.685011,,,,10.14.4.203,362226,actuator,,,HU,10.14.4.198,MO 54
TG3,HU1,MO,5,29,-5730.346333,0,-8385.14183,,,,10.14.4.203,362226,actuator,,,HU,10.14.4.198,MO 55
TG3,HU1,MO,6,30,-5956.692819,0,-8515.823165,,,,10.14.4.203,362226,actuator,,,HU,10.14.4.198,MO 56
TG3,HU1,DR,1,3,-6032.14176,0,-8646.504435,,,,10.14.4.203,362226,actuator,4,No,HU,10.14.4.198,DR 19
TG3,HU1,MO,3,20,-5881.243991,0,-8646.504499,,,,10.14.4.203,362226,actuator,,No,HU,10.14.4.198,MO 57
TG3,HU1,DR,1,25,-5579.448563,0,-8385.141895,,,,10.14.4.203,362226,actuator,32,,HU,10.14.4.198,DR 20
TG3,HU1,MO,3,21,-5654.897504,0,-8515.823165,,,,10.14.4.203,362226,actuator,,,HU,10.14.4.198,MO 58
TG3,HU1,DR,1,9,-5579.448563,0,-8907.866974,,,,10.14.4.203,362226,actuator,10,,HU,10.14.4.198,DR 21
TG3,HU1,MO,3,23,-5654.897392,0,-8777.185639,,,,10.14.4.203,362226,actuator,,,HU,10.14.4.198,MO 59
TG3,HU2,MO,1,9,-5503.999622,0,-8254.460625,,,,10.14.4.203,362236,actuator,,,HU,10.14.4.198,MO 60
TG3,HU2,MO,3,22,-5278.555169,0,-8646.366411,,,,10.14.4.203,362236,actuator,,,HU,10.14.4.198,MO 61
TG3,HU2,MO,4,23,-5053.110717,0,-8515.547117,,,,10.14.4.203,362236,actuator,,,HU,10.14.4.198,MO 62
TG3,HU2,MO,5,29,-5051.690159,0,-8255.142062,,,,10.14.4.203,362236,actuator,,,HU,10.14.4.198,MO 63
TG3,HU2,DR,1,3,-5429.452939,0,-8123.641267,,,,10.14.4.203,NC 37(356561),actuator,4,,HU,10.14.4.198,DR 22
TG3,HU2,MO,3,20,-5354.00411,0,-8254.322602,,,,10.14.4.203,NC 37(356561),actuator,,,HU,10.14.4.198,MO 64
TG3,HU2,DR,1,25,-4976.759742,0,-8385.003806,,,,10.14.4.203,NC 37(356561),actuator,32,,HU,10.14.4.198,DR 23
TG3,HU2,MO,3,21,-5127.657512,0,-8385.003741,,,,10.14.4.203,NC 37(356561),actuator,,,HU,10.14.4.198,MO 65
TG3,HU2,DR,1,9,-5429.452939,0,-8646.366346,,,,10.14.4.203,NC 37(356561),actuator,10,,HU,10.14.4.198,DR 24
TG3,HU2,MO,3,23,-5354.003998,0,-8515.685076,,,,10.14.4.203,NC 37(356561),actuator,,,HU,10.14.4.198,MO 66
TG3,HU3,MO,1,9,-5278.036758,0,-7601.735584,,,,10.14.4.203,362227,actuator,,,HU,10.14.4.198,MO 67
TG3,HU3,MO,2,10,-5504.383244,0,-7732.416919,,,,10.14.4.203,362227,actuator,,,HU,10.14.4.198,MO 68
TG3,HU3,MO,3,22,-5504.901768,0,-7992.959933,,,,10.14.4.203,362227,actuator,,,HU,10.14.4.198,MO 69
TG3,HU3,MO,4,23,-5278.555169,0,-8123.641332,,,,10.14.4.203,362227,actuator,,,HU,10.14.4.198,MO 70
TG3,HU3,MO,5,29,-5051.690047,0,-7993.779458,,,,10.14.4.203,362227,actuator,,,HU,10.14.4.198,MO 71
TG3,HU3,MO,6,30,-5051.690159,0,-7732.416983,,,,10.14.4.203,362227,actuator,,,HU,10.14.4.198,MO 72
TG3,HU3,DR,1,3,-5127.13899,0,-7604.935649,,,,10.14.4.203,replaced by NC 38( 362298) ,actuator,4,,HU,10.14.4.198,DR 25
TG3,HU3,MO,3,20,-5202.587929,0,-7732.416919,,,,10.14.4.203,replaced by NC 38( 362298) ,actuator,,,HU,10.14.4.198,MO 73
TG3,HU3,DR,1,25,-5127.138988,0,-8124.460728,,,,10.14.4.203,replaced by NC 38( 362298) ,actuator,32,,HU,10.14.4.198,DR 26
TG3,HU3,MO,3,21,-5202.587817,0,-7993.779393,,,,10.14.4.203,replaced by NC 38( 362298) ,actuator,,,HU,10.14.4.198,MO 74
TG3,HU3,DR,1,9,-5579.832185,0,-7863.098189,,,,10.14.4.203,replaced by NC 38( 362298) ,actuator,10,,HU,10.14.4.198,DR 27
TG3,HU3,MO,3,23,-5428.934416,0,-7863.098253,,,,10.14.4.203,replaced by NC 38( 362298) ,actuator,,,HU,10.14.4.198,MO 75
TG4,HU1,MO,1,9,-1526.919628,0,-6707.384105,,,,10.14.4.204,362229,actuator,,,HU,10.14.4.198,MO 76
TG4,HU1,MO,2,10,-1526.91974,0,-6446.021631,,,,10.14.4.204,362229,actuator,,,HU,10.14.4.198,MO 77
TG4,HU1,MO,3,22,-1752.364081,0,-6315.47832,,,,10.14.4.204,362229,actuator,,,HU,10.14.4.198,MO 78
TG4,HU1,MO,4,23,-1978.710792,0,-6446.159525,,,,10.14.4.204,362229,actuator,,,HU,10.14.4.198,MO 79
TG4,HU1,MO,5,29,-1979.612938,0,-6707.38417,,,,10.14.4.204,362229,actuator,,,HU,10.14.4.198,MO 80
TG4,HU1,MO,6,30,-1753.266339,0,-6838.06531,,,,10.14.4.204,362229,actuator,,,HU,10.14.4.198,MO 81
TG4,HU1,DR,1,3,-1602.140892,0,-6834.873485,,,,10.14.4.204,362143,actuator,4,,HU,10.14.4.198,DR 28
TG4,HU1,MO,3,20,-1677.817398,0,-6707.38404,,,,10.14.4.204,362143,actuator,,,HU,10.14.4.198,MO 82
TG4,HU1,DR,1,25,-2052.290484,0,-6575.102837,,,,10.14.4.204,362143,actuator,32,,HU,10.14.4.198,DR 29
TG4,HU1,MO,3,21,-1904.163997,0,-6576.7029,,,,10.14.4.204,362143,actuator,,,HU,10.14.4.198,MO 83
TG4,HU1,DR,1,9,-1602.368567,0,-6314.532909,,,,10.14.4.204,362143,actuator,10,,HU,10.14.4.198,DR 30
TG4,HU1,MO,3,23,-1677.81751,0,-6446.021566,,,,10.14.4.204,362143,actuator,,,HU,10.14.4.198,MO 84
TG4,HU2,MO,1,9,-2205.057278,0,-6576.840859,,,,10.14.4.204,356581,actuator,,,HU,10.14.4.198,MO 85
TG4,HU2,MO,3,22,-1978.71068,0,-6184.796921,,,,10.14.4.204,356581,actuator,,,HU,10.14.4.198,MO 86
TG4,HU2,MO,4,23,-2205.057278,0,-6054.115781,,,,10.14.4.204,356581,actuator,,,HU,10.14.4.198,MO 87
TG4,HU2,MO,5,29,-2431.403989,0,-6184.796986,,,,10.14.4.204,356581,actuator,,,HU,10.14.4.198,MO 88
TG4,HU2,DR,1,3,-2357.65527,0,-6576.745742,,,,10.14.4.204,356577,actuator,4,,HU,10.14.4.198,DR 31
TG4,HU2,MO,3,20,-2280.506107,0,-6446.159525,,,,10.14.4.204,356577,actuator,,,HU,10.14.4.198,MO 89
TG4,HU2,DR,1,25,-2357.65527,0,-6054.020663,,,,10.14.4.204,356577,actuator,32,,HU,10.14.4.198,DR 32
TG4,HU2,MO,3,21,-2280.506219,0,-6184.79705,,,,10.14.4.204,356577,actuator,,,HU,10.14.4.198,MO 90
TG4,HU2,DR,1,9,-1904.962568,0,-6315.486436,,,,10.14.4.204,356577,actuator,10,,HU,10.14.4.198,DR 33
TG4,HU2,MO,3,23,-2054.159621,0,-6315.47819,,,,10.14.4.204,356577,actuator,,,HU,10.14.4.198,MO 91
TG4,HU3,MO,1,9,-2882.955864,0,-6706.097461,,,,10.14.4.204,356593,actuator,,,HU,10.14.4.198,MO 92
TG4,HU3,MO,2,10,-2656.609265,0,-6836.77886,,,,10.14.4.204,356593,actuator,,,HU,10.14.4.198,MO 93
TG4,HU3,MO,3,22,-2430.833272,0,-6706.80973,,,,10.14.4.204,356593,actuator,,,HU,10.14.4.198,MO 94
TG4,HU3,MO,4,23,-2430.833384,0,-6445.447255,,,,10.14.4.204,356593,actuator,,,HU,10.14.4.198,MO 95
TG4,HU3,MO,5,29,-2657.179983,0,-6314.765856,,,,10.14.4.204,356593,actuator,,,HU,10.14.4.198,MO 96
TG4,HU3,MO,6,30,-2883.526469,0,-6445.447191,,,,10.14.4.204,356593,actuator,,,HU,10.14.4.198,MO 97
TG4,HU3,DR,1,3,-2960.795769,0,-6575.88699,,,,10.14.4.204,356580,actuator,4,,HU,10.14.4.198,DR 34
TG4,HU3,MO,3,20,-2808.07764,0,-6576.128525,,,,10.14.4.204,356580,actuator,,,HU,10.14.4.198,MO 98
TG4,HU3,DR,1,25,-2508.102572,0,-6314.52445,,,,10.14.4.204,356580,actuator,32,,HU,10.14.4.198,DR 35
TG4,HU3,MO,3,21,-2581.731154,0,-6445.447191,,,,10.14.4.204,356580,actuator,,,HU,10.14.4.198,MO 99
TG4,HU3,DR,1,9,-2508.102571,0,-6837.249529,,,,10.14.4.204,356580,actuator,10,,HU,10.14.4.198,DR 36
TG4,HU3,MO,3,23,-2581.731042,0,-6706.809665,,,,10.14.4.204,356580,actuator,,,HU,10.14.4.198,MO 100
DG1,RU1,DR,1,3,-5537.609545,0,-4426.61354,,,,10.14.4.205,362189,actuator,4,,RU,10.14.4.198,DR 37
DG1,RU1,DR,3,5,-5194.217181,0,-4228.355866,,,,10.14.4.205,362189,actuator,20,,RU,10.14.4.198,DR 38
DG1,RU1,DR,5,16,-5194.217181,0,-3831.84052,,,,10.14.4.205,362189,actuator,17,,RU,10.14.4.198,DR 39
DG1,RU1,DR,1,25,-5881.001908,0,-5021.38656,,,,10.14.4.205,362189,actuator,32,,RU,10.14.4.198,DR 40
DG1,RU1,DR,3,6,-5881.001908,0,-4624.871213,,,,10.14.4.205,362189,actuator,21,,RU,10.14.4.198,DR 41
DG1,RU1,DR,5,26,-5881.001908,0,-4228.355866,,,,10.14.4.205,362189,actuator,31,,RU,10.14.4.198,DR 42
DG1,RU1,DR,1,9,-6224.394271,0,-5219.644233,,,,10.14.4.205,362189,actuator,10,,RU,10.14.4.198,DR 43
DG1,RU1,DR,3,22,-6567.786634,0,-5417.901906,,,,10.14.4.205,362189,actuator,23,,RU,10.14.4.198,DR 44
DG1,RU1,DR,5,29,-6567.786634,0,-5814.417253,,,,10.14.4.205,362189,actuator,29,,RU,10.14.4.198,DR 45
DG2,RU1,DR,1,3,-4507.432455,0,-3831.84052,,,,10.14.4.206,356617,actuator,4,,RU,10.14.4.198,DR 46
DG2,RU1,DR,3,5,-4507.432455,0,-3435.325173,,,,10.14.4.206,356617,actuator,20,,RU,10.14.4.198,DR 47
DG2,RU1,DR,5,16,-4850.824818,0,-3633.582846,,,,10.14.4.206,356617,actuator,17,,RU,10.14.4.198,DR 48
DG2,RU1,DR,1,25,-4164.040092,0,-3633.582846,,,,10.14.4.206,356617,actuator,32,,RU,10.14.4.198,DR 49
DG2,RU1,DR,3,6,-3820.647728,0,-3435.325173,,,,10.14.4.206,356617,actuator,21,,RU,10.14.4.198,DR 50
DG2,RU1,DR,5,26,-4164.040092,0,-3237.0675,,,,10.14.4.206,356617,actuator,31,,RU,10.14.4.198,DR 51
DG2,RU1,DR,1,9,-3820.647728,0,-3831.84052,,,,10.14.4.206,356617,actuator,10,,RU,10.14.4.198,DR 52
DG2,RU1,DR,3,22,-3477.255365,0,-3633.582846,,,,10.14.4.206,356617,actuator,23,,RU,10.14.4.198,DR 53
DG2,RU1,DR,5,29,-3477.255365,0,-3237.0675,,,,10.14.4.206,356617,actuator,29,,RU,10.14.4.198,DR 54
DG3,RU3,DR,1,3,-3133.863002,0,-3435.325173,,,,10.14.4.207,356628,actuator,4,,RU,10.14.4.198,DR 55
DG3,RU3,DR,3,5,-2790.470639,0,-3237.0675,,,,10.14.4.207,356628,actuator,20,,RU,10.14.4.198,DR 56
DG3,RU3,DR,5,16,-2790.470639,0,-2840.552153,,,,10.14.4.207,356628,actuator,17,,RU,10.14.4.198,DR 57
DG3,RU3,DR,1,25,-2447.078275,0,-3435.325173,,,,10.14.4.207,356628,actuator,32,,RU,10.14.4.198,DR 58
DG3,RU3,DR,3,6,-2447.078275,0,-3038.809826,,,,10.14.4.207,356628,actuator,21,,RU,10.14.4.198,DR 59
DG3,RU3,DR,5,26,-2103.685912,0,-3237.0675,,,,10.14.4.207,356628,actuator,31,,RU,10.14.4.198,DR 60
DG3,RU3,DR,1,9,-1760.293549,0,-3435.325173,,,,10.14.4.207,356628,actuator,10,,RU,10.14.4.198,DR 61
DG3,RU3,DR,3,22,-1416.901186,0,-3633.582846,,,,10.14.4.207,356628,actuator,23,,RU,10.14.4.198,DR 62
DG3,RU3,DR,5,29,-1073.508822,0,-3831.84052,,,,10.14.4.207,356628,actuator,29,,RU,10.14.4.198,DR 63
SG1,SU1,RS,1,3,-6292.612398,0,-6846.605886,,,,10.14.4.211,362238,actuator,,,SU,10.14.4.198,RS 1
SG1,SU1,RS,2,4,-6223.137623,0,-6889.691681,,,,10.14.4.211,362238,actuator,,,SU,10.14.4.198,RS 2
SG1,SU1,RS,3,5,-6156.735315,0,-6845.596762,,,,10.14.4.211,362238,actuator,,,SU,10.14.4.198,RS 3
SG1,SU1,RS,4,20,-6155.673716,0,-6769.100093,,,,10.14.4.211,362238,actuator,,,SU,10.14.4.198,RS 4
SG1,SU1,RS,5,16,-6225.650919,0,-6721.719559,,,,10.14.4.211,362238,actuator,,,SU,10.14.4.198,RS 5
SG1,SU1,RS,6,17,-6292.654747,0,-6767.330437,,,,10.14.4.211,362238,actuator,,,SU,10.14.4.198,RS 6
SG1,SU1,MO,1,25,-6338.684203,0,-6871.962268,,,,10.14.4.211,362238,actuator,,,SU,10.14.4.198,MO 101
SG1,SU1,MO,2,32,-6226.1009,0,-6936.962268,,,,10.14.4.211,362238,actuator,,,SU,10.14.4.198,MO 102
SG1,SU1,MO,3,6,-6113.517598,0,-6871.962268,,,,10.14.4.211,362238,actuator,,,SU,10.14.4.198,MO 103
SG1,SU1,MO,4,21,-6113.517598,0,-6741.962268,,,,10.14.4.211,362238,actuator,,,SU,10.14.4.198,MO 104
SG1,SU1,MO,5,26,-6226.1009,0,-6676.962268,,,,10.14.4.211,362238,actuator,,,SU,10.14.4.198,MO 105
SG1,SU1,MO,6,31,-6338.684203,0,-6741.962268,,,,10.14.4.211,362238,actuator,,,SU,10.14.4.198,MO 106
SG2,SU2,RS,1,3,-5605.304627,0,-6052.669253,,,,10.14.4.212,362240,actuator,,,SU,10.14.4.198,RS 7
SG2,SU2,RS,2,4,-5535.829852,0,-6095.755048,,,,10.14.4.212,362240,actuator,,,SU,10.14.4.198,RS 8
SG2,SU2,RS,3,5,-5469.427544,0,-6051.660129,,,,10.14.4.212,362240,actuator,,,SU,10.14.4.198,RS 9
SG2,SU2,RS,4,20,-5468.365945,0,-5975.16346,,,,10.14.4.212,362240,actuator,,,SU,10.14.4.198,RS 10
SG2,SU2,RS,5,16,-5538.343148,0,-5927.782926,,,,10.14.4.212,362240,actuator,,,SU,10.14.4.198,RS 11
SG2,SU2,RS,6,17,-5605.346976,0,-5973.393804,,,,10.14.4.212,362240,actuator,,,SU,10.14.4.198,RS 12
SG2,SU2,MO,1,25,-5651.376432,0,-6078.025635,,,,10.14.4.212,362240,actuator,,,SU,10.14.4.198,MO 107
SG2,SU2,MO,2,32,-5538.793129,0,-6143.025635,,,,10.14.4.212,362240,actuator,,,SU,10.14.4.198,MO 108
SG2,SU2,MO,3,6,-5426.209827,0,-6078.025635,,,,10.14.4.212,362240,actuator,,,SU,10.14.4.198,MO 109
SG2,SU2,MO,4,21,-5426.209827,0,-5948.025635,,,,10.14.4.212,362240,actuator,,,SU,10.14.4.198,MO 110
SG2,SU2,MO,5,26,-5538.793129,0,-5883.025635,,,,10.14.4.212,362240,actuator,,,SU,10.14.4.198,MO 111
SG2,SU2,MO,6,31,-5651.376432,0,-5948.025635,,,,10.14.4.212,362240,actuator,,,SU,10.14.4.198,MO 112
SG3,SU3,RS,1,3,-4231.871091,0,-5259.914883,,,,10.14.4.213,362328,actuator,,,SU,10.14.4.198,RS 13
SG3,SU3,RS,2,4,-4162.396316,0,-5303.000678,,,,10.14.4.213,362328,actuator,,,SU,10.14.4.198,RS 14
SG3,SU3,RS,3,5,-4095.994008,0,-5258.905759,,,,10.14.4.213,362328,actuator,,,SU,10.14.4.198,RS 15
SG3,SU3,RS,4,20,-4094.932409,0,-5182.40909,,,,10.14.4.213,362328,actuator,,,SU,10.14.4.198,RS 16
SG3,SU3,RS,5,16,-4164.909612,0,-5135.028556,,,,10.14.4.213,362328,actuator,,,SU,10.14.4.198,RS 17
SG3,SU3,RS,6,17,-4231.91344,0,-5180.639434,,,,10.14.4.213,362328,actuator,,,SU,10.14.4.198,RS 18
SG3,SU3,MO,1,25,-4277.942896,0,-5285.271265,,,,10.14.4.213,362328,actuator,,,SU,10.14.4.198,MO 113
SG3,SU3,MO,2,32,-4165.359593,0,-5350.271265,,,,10.14.4.213,362328,actuator,,,SU,10.14.4.198,MO 114
SG3,SU3,MO,3,6,-4052.776291,0,-5285.271265,,,,10.14.4.213,362328,actuator,,,SU,10.14.4.198,MO 115
SG3,SU3,MO,4,21,-4052.776291,0,-5155.271265,,,,10.14.4.213,362328,actuator,,,SU,10.14.4.198,MO 116
SG3,SU3,MO,5,26,-4165.359593,0,-5090.271265,,,,10.14.4.213,362328,actuator,,,SU,10.14.4.198,MO 117
SG3,SU3,MO,6,31,-4277.942896,0,-5155.271265,,,,10.14.4.213,362328,actuator,,,SU,10.14.4.198,MO 118
SG4,SU4,RS,1,3,-2857.80291,0,-4862.205794,,,,10.14.4.214,362312,actuator,,,SU,10.14.4.198,RS 19
SG4,SU4,RS,2,4,-2788.328135,0,-4905.29159,,,,10.14.4.214,362312,actuator,,,SU,10.14.4.198,RS 20
SG4,SU4,RS,3,5,-2721.925827,0,-4861.196671,,,,10.14.4.214,362312,actuator,,,SU,10.14.4.198,RS 21
SG4,SU4,RS,4,20,-2720.864228,0,-4784.700002,,,,10.14.4.214,362312,actuator,,,SU,10.14.4.198,RS 22
SG4,SU4,RS,5,16,-2790.841431,0,-4737.319467,,,,10.14.4.214,362312,actuator,,,SU,10.14.4.198,RS 23
SG4,SU4,RS,6,17,-2857.845259,0,-4782.930345,,,,10.14.4.214,362312,actuator,,,SU,10.14.4.198,RS 24
SG4,SU4,MO,1,25,-2903.874715,0,-4887.562176,,,,10.14.4.214,362312,actuator,,,SU,10.14.4.198,MO 119
SG4,SU4,MO,2,32,-2791.291412,0,-4952.562176,,,,10.14.4.214,362312,actuator,,,SU,10.14.4.198,MO 120
SG4,SU4,MO,3,6,-2678.70811,0,-4887.562176,,,,10.14.4.214,362312,actuator,,,SU,10.14.4.198,MO 121
SG4,SU4,MO,4,21,-2678.70811,0,-4757.562176,,,,10.14.4.214,362312,actuator,,,SU,10.14.4.198,MO 122
SG4,SU4,MO,5,26,-2791.291412,0,-4692.562176,,,,10.14.4.214,362312,actuator,,,SU,10.14.4.198,MO 123
SG4,SU4,MO,6,31,-2903.874715,0,-4757.562176,,,,10.14.4.214,362312,actuator,,,SU,10.14.4.198,MO 124
SG5,SU5,RS,1,3,-2170.89068,0,-4466.647352,,,,10.14.4.215,362313,actuator,,,SU,10.14.4.198,RS 25
SG5,SU5,RS,2,4,-2101.415905,0,-4509.733147,,,,10.14.4.215,362313,actuator,,,SU,10.14.4.198,RS 26
SG5,SU5,RS,3,5,-2035.013597,0,-4465.638228,,,,10.14.4.215,362313,actuator,,,SU,10.14.4.198,RS 27
SG5,SU5,RS,4,20,-2033.951998,0,-4389.141559,,,,10.14.4.215,362313,actuator,,,SU,10.14.4.198,RS 28
SG5,SU5,RS,5,16,-2103.929201,0,-4341.761025,,,,10.14.4.215,362313,actuator,,,SU,10.14.4.198,RS 29
SG5,SU5,RS,6,17,-2170.933029,0,-4387.371903,,,,10.14.4.215,362313,actuator,,,SU,10.14.4.198,RS 30
SG5,SU5,MO,1,25,-2216.962484,0,-4492.003734,,,,10.14.4.215,362313,actuator,,,SU,10.14.4.198,MO 125
SG5,SU5,MO,2,32,-2104.379182,0,-4557.003734,,,,10.14.4.215,362313,actuator,,,SU,10.14.4.198,MO 126
SG5,SU5,MO,3,6,-1991.795879,0,-4492.003734,,,,10.14.4.215,362313,actuator,,,SU,10.14.4.198,MO 127
SG5,SU5,MO,4,21,-1991.79588,0,-4362.003734,,,,10.14.4.215,362313,actuator,,,SU,10.14.4.198,MO 128
SG5,SU5,MO,5,26,-2104.379182,0,-4297.003734,,,,10.14.4.215,362313,actuator,,,SU,10.14.4.198,MO 129
SG5,SU5,MO,6,31,-2216.962484,0,-4362.003734,,,,10.14.4.215,362313,actuator,,,SU,10.14.4.198,MO 130
SG6,SU6,RS,1,3,-797.3488837,0,-4862.501766,,,,10.14.4.216,362309,actuator,,,SU,10.14.4.198,RS 31
SG6,SU6,RS,2,4,-727.8741087,0,-4905.587561,,,,10.14.4.216,362309,actuator,,,SU,10.14.4.198,RS 32
SG6,SU6,RS,3,5,-661.4718007,0,-4861.492642,,,,10.14.4.216,362309,actuator,,,SU,10.14.4.198,RS 33
SG6,SU6,RS,4,20,-660.4102019,0,-4784.995973,,,,10.14.4.216,362309,actuator,,,SU,10.14.4.198,RS 34
SG6,SU6,RS,5,16,-730.3874046,0,-4737.615439,,,,10.14.4.216,362309,actuator,,,SU,10.14.4.198,RS 35
SG6,SU6,RS,6,17,-797.3912327,0,-4783.226317,,,,10.14.4.216,362309,actuator,,,SU,10.14.4.198,RS 36
SG6,SU6,MO,1,25,-843.4206885,0,-4887.858148,,,,10.14.4.216,362309,actuator,,,SU,10.14.4.198,MO 131
SG6,SU6,MO,2,32,-730.837386,0,-4952.858148,,,,10.14.4.216,362309,actuator,,,SU,10.14.4.198,MO 132
SG6,SU6,MO,3,6,-618.2540835,0,-4887.858148,,,,10.14.4.216,362309,actuator,,,SU,10.14.4.198,MO 133
SG6,SU6,MO,4,21,-618.2540835,0,-4757.858148,,,,10.14.4.216,362309,actuator,,,SU,10.14.4.198,MO 134
SG6,SU6,MO,5,26,-730.837386,0,-4692.858148,,,,10.14.4.216,362309,actuator,,,SU,10.14.4.198,MO 135
SG6,SU6,MO,6,31,-843.4206885,0,-4757.858148,,,,10.14.4.216,362309,actuator,,,SU,10.14.4.198,MO 136
