{
  "num_waves": 5,
  "display": true,
  "waves": [
    {
      "velocity": 0.43,
      "amplitude": 0.25,
      "period": 0.87,
      "angle": 2.51,
      "actuatorMask": "NR",
      "wavenum" : 1,
      "sourceName": "Wave_NR_1",
      "active": true,
      "delay": 1000,
      "neverSave": true,
      "behaviourName": "Wave_NR_1",
      "waveActive": true
    },
    {
      "velocity": 0.07,
      "amplitude": 0.25,
      "period": 0.85,
      "angle": 2.94,
      "actuatorMask": "NR",
      "wavenum" : 2,
      "sourceName": "Wave_NR_2",
      "active": true,
      "delay": 1000,
      "neverSave": true,
      "behaviourName": "Wave_NR_2",
      "waveActive": true
    },
    {
      "velocity": 0.57,
      "amplitude": 0.25,
      "period": 0.79,
      "angle": 4.28,
      "actuatorMask": "SR",
      "wavenum" : 3,
      "sourceName": "Wave_SR_3",
      "active": true,
      "delay": 800,
      "neverSave": true,
      "behaviourName": "Wave_SR_3",
      "waveActive": true
    },
    {
      "velocity": 0.18,
      "amplitude": 0.25,
      "period": 0.97,
      "angle": 3.62,
      "actuatorMask": "SR",
      "wavenum" : 4,
      "sourceName": "Wave_SR_4",
      "active": true,
      "delay": 1000,
      "neverSave": true,
      "behaviourName": "Wave_SR_4",
      "waveActive": true
    }
  ],
  "neverSave": false,
  "behaviourName": "AmbientWaves",
  "influenceActive": true,
  "masterIntensity": 1.0
}