{
  "excitorSpeedLimit": 0.6,
  "fadeAt": 0.1,
  "attractorAngleSpeed": 0.2,
  "forceScalar": 1.0,
  "attractorOpacity": 0.5,
  "coreSize": 0.0,
  "triggerTimeLimit": 500.0,
    "bgHowOften" : 5000,
  "bhHowRandom" : 0.0,
"excitorsInfluenceActive": true,
  "showExcitors": false,
  "backgroundBehaviourEnabled": true,
  "showAttractors": false,
  "showCore": true,
  "maxExcitorAmount": 9,
  "excitor_update_rate": 0,
  "lifespan": 20000,
  "size": 580,
  "sizeLimit": 2000,
  "neverSave": false,
  "behaviourName": "Excitors",
  "influenceActive": true,
  "masterIntensity": 1.0
}