{
  "excitorSpeedLimit": 0.75,
  "fadeAt": 0.75,
  "attractorAngleSpeed": 0.23,
  "forceScalar": 1.5,
  "attractorOpacity": 0.1,
  "coreSize": 0.5,
  "triggerTimeLimit": 500.0,
  "masterIntensity": 1.0,
  "bgHowOften": 5750,
  "bgHowRandom": 0.52,
  "excitorsInfluenceActive": true,
  "showExcitors": false,
  "backgroundBehaviourEnabled": true,
  "showAttractors": false,
  "showCore": false,
  "maxExcitorAmount": 13,
  "excitor_update_rate": 0,
  "lifespan": 20000,
  "size": 900,
  "sizeLimit": 2000,
  "neverSave": false,
  "behaviourName": "Excitors"
}