{
  "excitorSpeedLimit": 1.0,
  "masterIntensity": 0.8,
  "fadeAt": 0.0,
  "attractorAngleSpeed": 0.05,
  "forceScalar": 1.0,
  "attractorOpacity": 0.0,
  "coreSize": 0.0,
    "bgHowOften" : 5000,
  "bhHowRandom" : 0.0,
"excitorsInfluenceActive": true,
  "showExcitors": false,
  "backgroundBehaviourEnabled": true,
  "showAttractors": false,
  "showCore": false,
  "maxExcitorAmount": 13,
  "excitor_update_rate": 10,
  "lifespan": 0,
  "size": 0,
  "sizeLimit": 2000,
  "behaviourName": "Excitors",
  "thread_update_rate": 10,
  "last_behaviour_save": 15510,
  "needToSave": false,
  "neverSave": false,
  "presetchanged": false
}