{
  "excitorSpeedLimit": 1.0,
  "masterIntensity": 1.0,
  "fadeAt": 0.75,
  "attractorAngleSpeed": 0.2,
  "forceScalar": 2.0,
  "attractorOpacity": 0.5,
  "coreSize": 0.73111,
    "bgHowOften" : 5000,
  "bhHowRandom" : 0.0,
"excitorsInfluenceActive": true,
  "showExcitors": true,
  "backgroundBehaviourEnabled": true,
  "showAttractors": false,
  "showCore": true,
  "maxExcitorAmount": 30,
  "excitor_update_rate": 10,
  "lifespan": 20000,
  "size": 500,
  "sizeLimit": 2000,
  "behaviourName": "Excitors",
  "influenceActive": true,
  "neverSave": false
}