{
  "432786": {"TG:5:GN:1_GE1": "FREQUENCY 18;THRESHOLD_MOTION 0.99;THRESHOLD_PRESENCE 0.15;INTEREST_THRESHOLD 1000.0;NOISE_THRESHOLD 0.3;OVERALL_RELAX 0.75;FRAMESKIP 1;ANGLE_ADJUST 0.0;"},
  "393048": {"NR:4:GN:1_GE1": "FREQUENCY 18;THRESHOLD_MOTION 0.99;THRESHOLD_PRESENCE 0.15;INTEREST_THRESHOLD 1000.0;NOISE_THRESHOLD 0.3;OVERALL_RELAX 0.75;FRAMESKIP 1;ANGLE_ADJUST 0.0;"},
  "608392": {"MG:3:GN:1_GE1": "FREQUENCY 18;THRESHOLD_MOTION 0.99;THRESHOLD_PRESENCE 0.15;INTEREST_THRESHOLD 1000.0;NOISE_THRESHOLD 0.3;OVERALL_RELAX 0.75;FRAMESKIP 1;ANGLE_ADJUST 0.0;"},
  "336638": {"SR:3:GN:1_GE1": "FREQUENCY 15;THRESHOLD_MOTION 0.99;THRESHOLD_PRESENCE 0.15;INTEREST_THRESHOLD 1000.0;NOISE_THRESHOLD 0.3;OVERALL_RELAX 0.75;FRAMESKIP 1;ANGLE_ADJUST 0.0;"},
  "379756": {"TG:2:GN:1_GE1": "FREQUENCY 20;THRESHOLD_MOTION 2.0;THRESHOLD_PRESENCE 0.15;INTEREST_THRESHOLD 1000.0;NOISE_THRESHOLD 0.3;OVERALL_RELAX 0.75;FRAMESKIP 1;ANGLE_ADJUST 0.0;"},
  "245734": {"NR:1:GN:1_GE1": "FREQUENCY 20;THRESHOLD_MOTION 2.0;THRESHOLD_PRESENCE 0.15;INTEREST_THRESHOLD 1000.0;NOISE_THRESHOLD 0.3;OVERALL_RELAX 0.75;FRAMESKIP 1;ANGLE_ADJUST 0.0;"},
  "608290": {"SR:4:GN:1_GE1": "FREQUENCY 13;THRESHOLD_MOTION 0.99;THRESHOLD_PRESENCE 0.15;INTEREST_THRESHOLD 847.3684;NOISE_THRESHOLD 0.3;OVERALL_RELAX 0.75;FRAMESKIP 1;ANGLE_ADJUST 0.0;"},
  "336652": {"NR:2:GN:1_GE1": "FREQUENCY 20;THRESHOLD_MOTION 2.0;THRESHOLD_PRESENCE 0.15;INTEREST_THRESHOLD 1000.0;NOISE_THRESHOLD 0.3;OVERALL_RELAX 0.75;FRAMESKIP 1;ANGLE_ADJUST 0.0;"},
  "379770": {"MG:5:GN:1_GE1": "FREQUENCY 15;THRESHOLD_MOTION 0.99;THRESHOLD_PRESENCE 0.15;INTEREST_THRESHOLD 1000.0;NOISE_THRESHOLD 0.3;OVERALL_RELAX 0.75;FRAMESKIP 1;ANGLE_ADJUST 0.0;"},
  "362145": {"MG:2:GN:1_GE1": "FREQUENCY 14;THRESHOLD_MOTION 0.63568425;THRESHOLD_PRESENCE 0.2709474;INTEREST_THRESHOLD 1405.2632;NOISE_THRESHOLD 0.9052632;OVERALL_RELAX 0.75;FRAMESKIP 1;ANGLE_ADJUST 0.0;"},
  "379760": {"SR:2:GN:1_GE1": "FREQUENCY 20;THRESHOLD_MOTION 2.0;THRESHOLD_PRESENCE 0.15;INTEREST_THRESHOLD 1000.0;NOISE_THRESHOLD 0.3;OVERALL_RELAX 0.75;FRAMESKIP 1;ANGLE_ADJUST 0.0;"},
  "336690": {"TG:4:GN:1_GE1": "FREQUENCY 20;THRESHOLD_MOTION 2.0;THRESHOLD_PRESENCE 0.15;INTEREST_THRESHOLD 1000.0;NOISE_THRESHOLD 0.3;OVERALL_RELAX 0.75;FRAMESKIP 1;ANGLE_ADJUST 0.0;"},
  "435144": {"TG:3:GN:1_GE1": "FREQUENCY 20;THRESHOLD_MOTION 2.0;THRESHOLD_PRESENCE 0.15;INTEREST_THRESHOLD 1000.0;NOISE_THRESHOLD 0.3;OVERALL_RELAX 0.75;FRAMESKIP 1;ANGLE_ADJUST 0.0;"},
  "607722": {"SR:5:GN:1_GE1": "FREQUENCY 13;THRESHOLD_MOTION 0.99;THRESHOLD_PRESENCE 0.15;INTEREST_THRESHOLD 1000.0;NOISE_THRESHOLD 0.3;OVERALL_RELAX 0.75;FRAMESKIP 4;ANGLE_ADJUST 174.60002;"},
  "608418": {"NR:8:GN:1_GE1": "FREQUENCY 15;THRESHOLD_MOTION 0.40642107;THRESHOLD_PRESENCE 0.15;INTEREST_THRESHOLD 1000.0;NOISE_THRESHOLD 0.3;OVERALL_RELAX 0.75;FRAMESKIP 1;ANGLE_ADJUST 0.0;"},
  "607606": {"NR:6:GN:1_GE1": "FREQUENCY 20;THRESHOLD_MOTION 2.0;THRESHOLD_PRESENCE 0.15;INTEREST_THRESHOLD 1000.0;NOISE_THRESHOLD 0.3;OVERALL_RELAX 0.75;FRAMESKIP 1;ANGLE_ADJUST 0.0;"},
  "432772": {"SR:1:GN:1_GE1": "FREQUENCY 25;THRESHOLD_MOTION 0.89621055;THRESHOLD_PRESENCE 0.15;INTEREST_THRESHOLD 1132.6316;NOISE_THRESHOLD 0.24210528;OVERALL_RELAX 0.75;FRAMESKIP 2;ANGLE_ADJUST 0.0;"},
  "607769": {"NR:5:GN:1_GE1": "FREQUENCY 15;THRESHOLD_MOTION 0.45852634;THRESHOLD_PRESENCE 0.15;INTEREST_THRESHOLD 1000.0;NOISE_THRESHOLD 0.3;OVERALL_RELAX 0.75;FRAMESKIP 1;ANGLE_ADJUST 0.0;"},
  "393070": {"TG:1:GN:1_GE1": "FREQUENCY 20;THRESHOLD_MOTION 2.0;THRESHOLD_PRESENCE 0.15;INTEREST_THRESHOLD 1000.0;NOISE_THRESHOLD 0.3;OVERALL_RELAX 0.75;FRAMESKIP 1;ANGLE_ADJUST 0.0;"}
}