{
  "totalParticles": 2000,
  "nParticles": 1000,
  "lifespan": 10000,
  "burstFreq": 280,
  "burstQty": 30,
  "sourceRotation": 2,
  "totalActiveSources": 1,
  "influenceSize": 225,
  "maxspeed": 6.0,
  "randomspeed": 0.4,
  "yvelocity": 0.0,
  "gravity": 0.0,
  "burstFreqRandom": 0.0,
  "burstLength": 0.1,
  "coreSize": 0.61,
  "influenceIntensity": 0.21,
  "gridScale": 1.0,
  "gridWaveX": 0.0,
  "gridWaveZ": 0.0,
  "spread": 6.2831855,
  "heading": 0.0,
  "onGridFriction": 1.0,
  "onGridSteering": 1.0,
  "offGridFriction": 1.0,
  "offGridSteering": 0.3,
  "partScale": 1.0,
  "randomScale": 0.2,
  "sourceCadence": 400.0,
  "debugOpacity": 0.05,
  "vertexOpacity": 1.0,
  "segradius": 2,
  "lookahead": 30,
  "mouseSource": false,
  "sourceStep": true,
  "allSources": false,
  "linkedSources": true,
  "debug": false,
  "displayModel": true,
  "displaySegments": false,
  "displayParticles": true,
  "displayVertices": true,
  "displaySources": true,
  "displayCore": false,
  "modelName": "meander_for_GridRunner.obj",
  "particleSourceVars": [
    {
      "sourceName": "Source_PS",
      "sourceRotation": 2,
      "burstFreq": 1900,
      "burstQty": 10,
      "sourceCadence": 120.0,
      "spread": 6.2831855,
      "heading": 0.0,
      "burstFreqRandom": 0.0,
      "burstLength": 0.3,
      "yvelocity": 0.0,
      "position_x": 1570.8643,
      "position_y": -6973.421,
      "position_z": 1581.7548,
      "active": true,
      "linked": true,
      "lifespan": 10000,
      "influenceSize": 225,
      "segradius": 2,
      "lookahead": 30,
      "maxspeed": 6.0,
      "randomspeed": 0.4,
      "coreSize": 0.61,
      "influenceIntensity": 0.21,
      "onGridFriction": 1.0,
      "onGridSteering": 1.0,
      "offGridFriction": 1.0,
      "offGridSteering": 0.3,
      "neverSave": true,
      "behaviourName": "Source_PS",
      "influenceActive": true,
      "masterIntensity": 1.0
    },
    {
      "sourceName": "Source_299",
      "sourceRotation": 2,
      "burstFreq": 1900,
      "burstQty": 10,
      "sourceCadence": 120.0,
      "spread": 6.2831855,
      "heading": 0.0,
      "burstFreqRandom": 0.0,
      "burstLength": 0.3,
      "yvelocity": 0.0,
      "position_x": -307.8627,
      "position_y": -7875.0566,
      "position_z": 1581.7548,
      "active": true,
      "linked": true,
      "lifespan": 10000,
      "influenceSize": 225,
      "segradius": 2,
      "lookahead": 30,
      "maxspeed": 6.0,
      "randomspeed": 0.4,
      "coreSize": 0.61,
      "influenceIntensity": 0.21,
      "onGridFriction": 1.0,
      "onGridSteering": 1.0,
      "offGridFriction": 1.0,
      "offGridSteering": 0.3,
      "neverSave": true,
      "behaviourName": "Source_299",
      "influenceActive": true,
      "masterIntensity": 1.0
    },
    {
      "sourceName": "Source_300",
      "sourceRotation": 2,
      "burstFreq": 280,
      "burstQty": 30,
      "sourceCadence": 400.0,
      "spread": 6.2831855,
      "heading": 0.0,
      "burstFreqRandom": 0.0,
      "burstLength": 0.1,
      "yvelocity": 0.0,
      "position_x": -466.7738,
      "position_y": -7599.8096,
      "position_z": 1581.7548,
      "active": false,
      "linked": true,
      "lifespan": 10000,
      "influenceSize": 225,
      "segradius": 2,
      "lookahead": 30,
      "maxspeed": 6.0,
      "randomspeed": 0.4,
      "coreSize": 0.61,
      "influenceIntensity": 0.21,
      "onGridFriction": 1.0,
      "onGridSteering": 1.0,
      "offGridFriction": 1.0,
      "offGridSteering": 0.3,
      "neverSave": true,
      "behaviourName": "Source_300",
      "influenceActive": true,
      "masterIntensity": 1.0
    },
    {
      "sourceName": "Source_52",
      "sourceRotation": 2,
      "burstFreq": 280,
      "burstQty": 30,
      "sourceCadence": 400.0,
      "spread": 6.2831855,
      "heading": 0.0,
      "burstFreqRandom": 0.0,
      "burstLength": 0.1,
      "yvelocity": 0.0,
      "position_x": -307.8627,
      "position_y": -7875.0566,
      "position_z": 1152.399,
      "active": false,
      "linked": true,
      "lifespan": 10000,
      "influenceSize": 225,
      "segradius": 2,
      "lookahead": 30,
      "maxspeed": 6.0,
      "randomspeed": 0.4,
      "coreSize": 0.61,
      "influenceIntensity": 0.21,
      "onGridFriction": 1.0,
      "onGridSteering": 1.0,
      "offGridFriction": 1.0,
      "offGridSteering": 0.3,
      "neverSave": true,
      "behaviourName": "Source_52",
      "influenceActive": true,
      "masterIntensity": 1.0
    },
    {
      "sourceName": "Source_298",
      "sourceRotation": 2,
      "burstFreq": 280,
      "burstQty": 30,
      "sourceCadence": 400.0,
      "spread": 6.2831855,
      "heading": 0.0,
      "burstFreqRandom": 0.0,
      "burstLength": 0.1,
      "yvelocity": 0.0,
      "position_x": 9.95857,
      "position_y": -7875.0566,
      "position_z": 1581.7548,
      "active": false,
      "linked": true,
      "lifespan": 10000,
      "influenceSize": 225,
      "segradius": 2,
      "lookahead": 30,
      "maxspeed": 6.0,
      "randomspeed": 0.4,
      "coreSize": 0.61,
      "influenceIntensity": 0.21,
      "onGridFriction": 1.0,
      "onGridSteering": 1.0,
      "offGridFriction": 1.0,
      "offGridSteering": 0.3,
      "neverSave": true,
      "behaviourName": "Source_298",
      "influenceActive": true,
      "masterIntensity": 1.0
    },
    {
      "sourceName": "Source_299",
      "sourceRotation": 2,
      "burstFreq": 280,
      "burstQty": 30,
      "sourceCadence": 400.0,
      "spread": 6.2831855,
      "heading": 0.0,
      "burstFreqRandom": 0.0,
      "burstLength": 0.1,
      "yvelocity": 0.0,
      "position_x": -307.8627,
      "position_y": -7875.0566,
      "position_z": 1581.7548,
      "active": false,
      "linked": true,
      "lifespan": 10000,
      "influenceSize": 225,
      "segradius": 2,
      "lookahead": 30,
      "maxspeed": 6.0,
      "randomspeed": 0.4,
      "coreSize": 0.61,
      "influenceIntensity": 0.21,
      "onGridFriction": 1.0,
      "onGridSteering": 1.0,
      "offGridFriction": 1.0,
      "offGridSteering": 0.3,
      "neverSave": true,
      "behaviourName": "Source_299",
      "influenceActive": true,
      "masterIntensity": 1.0
    },
    {
      "sourceName": "Source_53",
      "sourceRotation": 2,
      "burstFreq": 280,
      "burstQty": 30,
      "sourceCadence": 400.0,
      "spread": 6.2831855,
      "heading": 0.0,
      "burstFreqRandom": 0.0,
      "burstLength": 0.1,
      "yvelocity": 0.0,
      "position_x": 9.95857,
      "position_y": -7875.0566,
      "position_z": 1152.399,
      "active": false,
      "linked": true,
      "lifespan": 10000,
      "influenceSize": 225,
      "segradius": 2,
      "lookahead": 30,
      "maxspeed": 6.0,
      "randomspeed": 0.4,
      "coreSize": 0.61,
      "influenceIntensity": 0.21,
      "onGridFriction": 1.0,
      "onGridSteering": 1.0,
      "offGridFriction": 1.0,
      "offGridSteering": 0.3,
      "neverSave": true,
      "behaviourName": "Source_53",
      "influenceActive": true,
      "masterIntensity": 1.0
    },
    {
      "sourceName": "Source_48",
      "sourceRotation": 2,
      "burstFreq": 1550,
      "burstQty": 75,
      "sourceCadence": 120.0,
      "spread": 6.2831855,
      "heading": 0.0,
      "burstFreqRandom": 0.0,
      "burstLength": 0.1,
      "yvelocity": 0.0,
      "position_x": 9.95857,
      "position_y": -7324.567,
      "position_z": 1152.399,
      "active": false,
      "linked": false,
      "lifespan": 10000,
      "influenceSize": 225,
      "segradius": 2,
      "lookahead": 30,
      "maxspeed": 6.0,
      "randomspeed": 0.4,
      "coreSize": 0.61,
      "influenceIntensity": 0.21,
      "onGridFriction": 1.0,
      "onGridSteering": 1.0,
      "offGridFriction": 1.0,
      "offGridSteering": 0.3,
      "neverSave": true,
      "behaviourName": "Source_48",
      "influenceActive": true,
      "masterIntensity": 1.0
    }
  ],
  "neverSave": false,
  "behaviourName": "GridRunner",
  "influenceActive": true,
  "masterIntensity": 1.0
}