{
  "totalParticles": 2000,
  "nParticles": 1000,
  "lifespan": 10000,
  "burstFreq": 1190,
  "burstQty": 10,
  "sourceRotation": 2,
  "totalActiveSources": 0,
  "influenceSize": 225,
  "maxspeed": 6.0,
  "randomspeed": 0.4,
  "yvelocity": 0.0,
  "gravity": 0.0,
  "burstFreqRandom": 0.0,
  "burstLength": 0.2,
  "coreSize": 0.61,
  "influenceIntensity": 0.21,
  "gridScale": 1.0,
  "gridWaveX": 0.0,
  "gridWaveZ": 0.0,
  "spread": 6.2831855,
  "heading": 0.0,
  "onGridFriction": 1.0,
  "onGridSteering": 1.0,
  "offGridFriction": 1.0,
  "offGridSteering": 0.3,
  "partScale": 1.0,
  "randomScale": 0.2,
  "sourceCadence": 500.0,
  "debugOpacity": 0.05,
  "vertexOpacity": 1.0,
  "segradius": 2,
  "lookahead": 30,
  "mouseSource": true,
  "sourceStep": false,
  "allSources": false,
  "linkedSources": true,
  "debug": false,
  "displayModel": true,
  "displaySegments": false,
  "displayParticles": true,
  "displayVertices": true,
  "displaySources": true,
  "displayCore": false,
  "modelName": "meander_for_GridRunner.obj",
  "particleSourceVars": [
    {
      "sourceName": "Source_PS",
      "sourceRotation": 2,
      "burstFreq": 50,
      "burstQty": 10,
      "sourceCadence": 120.0,
      "spread": 6.2831855,
      "heading": 0.0,
      "burstFreqRandom": 0.0,
      "burstLength": 1.0,
      "yvelocity": 0.0,
      "position_x": 1570.8643,
      "position_y": -6973.421,
      "position_z": 1581.7548,
      "active": false,
      "linked": true,
      "lifespan": 10000,
      "influenceSize": 225,
      "segradius": 2,
      "lookahead": 30,
      "maxspeed": 6.0,
      "randomspeed": 0.4,
      "coreSize": 0.61,
      "influenceIntensity": 0.21,
      "onGridFriction": 1.0,
      "onGridSteering": 1.0,
      "offGridFriction": 1.0,
      "offGridSteering": 0.3,
      "neverSave": true,
      "behaviourName": "Source_PS",
      "influenceActive": true,
      "masterIntensity": 1.0
    },
    {
      "sourceName": "Source_446",
      "sourceRotation": 2,
      "burstFreq": 1190,
      "burstQty": 10,
      "sourceCadence": 500.0,
      "spread": 6.2831855,
      "heading": 0.0,
      "burstFreqRandom": 0.0,
      "burstLength": 0.2,
      "yvelocity": 0.0,
      "position_x": -6035.4707,
      "position_y": 1381.4453,
      "position_z": 2249.7273,
      "active": true,
      "linked": true,
      "lifespan": 10000,
      "influenceSize": 225,
      "segradius": 2,
      "lookahead": 30,
      "maxspeed": 6.0,
      "randomspeed": 0.4,
      "coreSize": 0.61,
      "influenceIntensity": 0.21,
      "onGridFriction": 1.0,
      "onGridSteering": 1.0,
      "offGridFriction": 1.0,
      "offGridSteering": 0.3,
      "neverSave": true,
      "behaviourName": "Source_446",
      "influenceActive": true,
      "masterIntensity": 1.0
    },
    {
      "sourceName": "Source_487",
      "sourceRotation": 2,
      "burstFreq": 1190,
      "burstQty": 10,
      "sourceCadence": 500.0,
      "spread": 6.2831855,
      "heading": 0.0,
      "burstFreqRandom": 0.0,
      "burstLength": 0.2,
      "yvelocity": 0.0,
      "position_x": -4470.675,
      "position_y": -1331.6334,
      "position_z": 2249.7273,
      "active": true,
      "linked": true,
      "lifespan": 10000,
      "influenceSize": 225,
      "segradius": 2,
      "lookahead": 30,
      "maxspeed": 6.0,
      "randomspeed": 0.4,
      "coreSize": 0.61,
      "influenceIntensity": 0.21,
      "onGridFriction": 1.0,
      "onGridSteering": 1.0,
      "offGridFriction": 1.0,
      "offGridSteering": 0.3,
      "neverSave": true,
      "behaviourName": "Source_487",
      "influenceActive": true,
      "masterIntensity": 1.0
    }
  ],
  "neverSave": false,
  "behaviourName": "GridRunner",
  "influenceActive": true,
  "masterIntensity": 1.0
}