{
  "totalParticles": 2000,
  "nParticles": 1180,
  "lifespan": 8000,
  "burstFreq": 3030,
  "burstQty": 17,
  "sourceRotation": 2,
  "totalActiveSources": 8,
  "influenceSize": 395,
  "maxspeed": 5.65,
  "randomspeed": 0.95,
  "yvelocity": 0.0,
  "gravity": 0.0,
  "burstFreqRandom": 0.0,
  "burstLength": 1.0,
  "coreSize": 0.1,
  "influenceIntensity": 0.81,
  "gridScale": 1.0,
  "gridWaveX": 0.0,
  "gridWaveZ": 0.0,
  "spread": 6.28,
  "heading": 3.96,
  "onGridFriction": 0.937,
  "onGridSteering": 0.6,
  "offGridFriction": 1.072,
  "offGridSteering": 1.0,
  "partScale": 1.1,
  "randomScale": 0.2,
  "sourceCadence": 20.0,
  "debugOpacity": 0.05,
  "vertexOpacity": 0.4,
  "segradius": 2,
  "lookahead": 14,
  "mouseSource": false,
  "sourceStep": false,
  "allSources": false,
  "linkedSources": true,
  "debug": false,
  "displayModel": false,
  "displaySegments": true,
  "displayParticles": true,
  "displayVertices": true,
  "displaySources": true,
  "displayCore": false,
  "modelName": "meander_for_GridRunner.obj",
  "particleSourceVars": [
    {
      "sourceName": "Source_PS",
      "sourceRotation": 2,
      "burstFreq": 3030,
      "burstQty": 17,
      "sourceCadence": 20.0,
      "spread": 6.28,
      "heading": 3.96,
      "burstFreqRandom": 0.0,
      "burstLength": 1.0,
      "yvelocity": 0.0,
      "position_x": -2755.5735,
      "position_y": -6101.7085,
      "position_z": 1081.7548,
      "active": true,
      "linked": false,
      "lifespan": 8000,
      "influenceSize": 395,
      "segradius": 2,
      "lookahead": 14,
      "maxspeed": 5.65,
      "randomspeed": 0.95,
      "coreSize": 0.1,
      "influenceIntensity": 0.81,
      "onGridFriction": 0.937,
      "onGridSteering": 0.6,
      "offGridFriction": 1.072,
      "offGridSteering": 1.0,
      "neverSave": true,
      "behaviourName": "Source_PS",
      "influenceActive": true,
      "masterIntensity": 1.0
    },
    {
      "sourceName": "Source_464",
      "sourceRotation": 2,
      "burstFreq": 2070,
      "burstQty": 6,
      "sourceCadence": 20.0,
      "spread": 1.66,
      "heading": 1.05,
      "burstFreqRandom": 0.0,
      "burstLength": 0.6,
      "yvelocity": 0.09,
      "position_x": -5195.141,
      "position_y": -1883.49,
      "position_z": 2249.7273,
      "active": true,
      "linked": false,
      "lifespan": 8000,
      "influenceSize": 365,
      "segradius": 2,
      "lookahead": 28,
      "maxspeed": 6.6,
      "randomspeed": 1.0,
      "coreSize": 0.25,
      "influenceIntensity": 0.02,
      "onGridFriction": 1.0,
      "onGridSteering": 0.73,
      "offGridFriction": 1.0,
      "offGridSteering": 0.75,
      "neverSave": true,
      "behaviourName": "Source_464",
      "influenceActive": true,
      "masterIntensity": 1.0
    },
    {
      "sourceName": "Source_510",
      "sourceRotation": 2,
      "burstFreq": 4610,
      "burstQty": 1,
      "sourceCadence": 20.0,
      "spread": 1.66,
      "heading": 1.05,
      "burstFreqRandom": 0.0,
      "burstLength": 0.5,
      "yvelocity": 0.09,
      "position_x": -1674.19,
      "position_y": -51.73,
      "position_z": 1224.31,
      "active": true,
      "linked": false,
      "lifespan": 8000,
      "influenceSize": 365,
      "segradius": 2,
      "lookahead": 28,
      "maxspeed": 6.6,
      "randomspeed": 1.0,
      "coreSize": 0.25,
      "influenceIntensity": 0.23,
      "onGridFriction": 1.0,
      "onGridSteering": 0.73,
      "offGridFriction": 1.0,
      "offGridSteering": 0.75,
      "neverSave": true,
      "behaviourName": "Source_510",
      "influenceActive": true,
      "masterIntensity": 1.0
    },
    {
      "sourceName": "Source_511",
      "sourceRotation": 2,
      "burstFreq": 3560,
      "burstQty": 1,
      "sourceCadence": 20.0,
      "spread": 1.66,
      "heading": 1.05,
      "burstFreqRandom": 0.0,
      "burstLength": 0.6,
      "yvelocity": 0.09,
      "position_x": -616.08,
      "position_y": -1647.93,
      "position_z": 618.32,
      "active": true,
      "linked": false,
      "lifespan": 8000,
      "influenceSize": 365,
      "segradius": 2,
      "lookahead": 28,
      "maxspeed": 6.6,
      "randomspeed": 1.0,
      "coreSize": 0.12,
      "influenceIntensity": 0.24,
      "onGridFriction": 1.0,
      "onGridSteering": 0.73,
      "offGridFriction": 1.0,
      "offGridSteering": 0.75,
      "neverSave": true,
      "behaviourName": "Source_511",
      "influenceActive": true,
      "masterIntensity": 1.0
    },
    {
      "sourceName": "Source_501",
      "sourceRotation": 2,
      "burstFreq": 2070,
      "burstQty": 6,
      "sourceCadence": 20.0,
      "spread": 2.95,
      "heading": 3.64,
      "burstFreqRandom": 0.0,
      "burstLength": 0.6,
      "yvelocity": 0.09,
      "position_x": -4152.0576,
      "position_y": 4093.8071,
      "position_z": 2249.7273,
      "active": true,
      "linked": false,
      "lifespan": 8000,
      "influenceSize": 365,
      "segradius": 2,
      "lookahead": 28,
      "maxspeed": 6.6,
      "randomspeed": 1.0,
      "coreSize": 0.25,
      "influenceIntensity": 0.02,
      "onGridFriction": 1.0,
      "onGridSteering": 0.73,
      "offGridFriction": 1.0,
      "offGridSteering": 0.75,
      "neverSave": true,
      "behaviourName": "Source_501",
      "influenceActive": true,
      "masterIntensity": 1.0
    },
    {
      "sourceName": "Source_440",
      "sourceRotation": 2,
      "burstFreq": 2070,
      "burstQty": 6,
      "sourceCadence": 20.0,
      "spread": 1.66,
      "heading": 1.05,
      "burstFreqRandom": 0.0,
      "burstLength": 0.6,
      "yvelocity": 0.09,
      "position_x": -6035.4707,
      "position_y": -427.03555,
      "position_z": 2249.7273,
      "active": true,
      "linked": false,
      "lifespan": 8000,
      "influenceSize": 365,
      "segradius": 2,
      "lookahead": 28,
      "maxspeed": 6.6,
      "randomspeed": 1.0,
      "coreSize": 0.25,
      "influenceIntensity": 0.02,
      "onGridFriction": 1.0,
      "onGridSteering": 0.73,
      "offGridFriction": 1.0,
      "offGridSteering": 0.75,
      "neverSave": true,
      "behaviourName": "Source_440",
      "influenceActive": true,
      "masterIntensity": 1.0
    },
    {
      "sourceName": "Source_263",
      "sourceRotation": 2,
      "burstFreq": 2070,
      "burstQty": 6,
      "sourceCadence": 20.0,
      "spread": 1.66,
      "heading": 1.05,
      "burstFreqRandom": 0.0,
      "burstLength": 0.6,
      "yvelocity": 0.09,
      "position_x": -2388.836,
      "position_y": -7875.0566,
      "position_z": 1581.7548,
      "active": true,
      "linked": false,
      "lifespan": 8000,
      "influenceSize": 365,
      "segradius": 2,
      "lookahead": 28,
      "maxspeed": 6.6,
      "randomspeed": 1.0,
      "coreSize": 0.25,
      "influenceIntensity": 0.02,
      "onGridFriction": 1.0,
      "onGridSteering": 0.73,
      "offGridFriction": 1.0,
      "offGridSteering": 0.75,
      "neverSave": true,
      "behaviourName": "Source_263",
      "influenceActive": true,
      "masterIntensity": 1.0
    },
    {
      "sourceName": "Source_345",
      "sourceRotation": 2,
      "burstFreq": 2070,
      "burstQty": 6,
      "sourceCadence": 20.0,
      "spread": 2.14,
      "heading": 0.17,
      "burstFreqRandom": 0.0,
      "burstLength": 0.6,
      "yvelocity": 0.09,
      "position_x": 2090.931,
      "position_y": -5520.59,
      "position_z": 1581.7548,
      "active": true,
      "linked": false,
      "lifespan": 8000,
      "influenceSize": 365,
      "segradius": 2,
      "lookahead": 28,
      "maxspeed": 6.6,
      "randomspeed": 1.0,
      "coreSize": 0.25,
      "influenceIntensity": 0.02,
      "onGridFriction": 1.0,
      "onGridSteering": 0.73,
      "offGridFriction": 1.0,
      "offGridSteering": 0.75,
      "neverSave": true,
      "behaviourName": "Source_345",
      "influenceActive": true,
      "masterIntensity": 1.0
    },
    {
      "sourceName": "Source_523",
      "sourceRotation": 2,
      "burstFreq": 3030,
      "burstQty": 17,
      "sourceCadence": 20.0,
      "spread": 6.28,
      "heading": 3.96,
      "burstFreqRandom": 0.0,
      "burstLength": 1.0,
      "yvelocity": 0.0,
      "position_x": -4311.557,
      "position_y": 2597.745,
      "position_z": 1999.7274,
      "active": false,
      "linked": true,
      "lifespan": 8000,
      "influenceSize": 395,
      "segradius": 2,
      "lookahead": 14,
      "maxspeed": 5.65,
      "randomspeed": 0.95,
      "coreSize": 0.1,
      "influenceIntensity": 0.81,
      "onGridFriction": 0.937,
      "onGridSteering": 0.6,
      "offGridFriction": 1.072,
      "offGridSteering": 1.0,
      "neverSave": true,
      "behaviourName": "Source_523",
      "influenceActive": true,
      "masterIntensity": 1.0
    },
    {
      "sourceName": "Source_212",
      "sourceRotation": 2,
      "burstFreq": 2070,
      "burstQty": 6,
      "sourceCadence": 20.0,
      "spread": 2.34,
      "heading": 2.6,
      "burstFreqRandom": 0.0,
      "burstLength": 0.6,
      "yvelocity": 0.09,
      "position_x": -5192.4707,
      "position_y": -5520.5894,
      "position_z": 1581.7548,
      "active": true,
      "linked": false,
      "lifespan": 8000,
      "influenceSize": 365,
      "segradius": 2,
      "lookahead": 28,
      "maxspeed": 6.6,
      "randomspeed": 1.0,
      "coreSize": 0.25,
      "influenceIntensity": 0.02,
      "onGridFriction": 1.0,
      "onGridSteering": 0.73,
      "offGridFriction": 1.0,
      "offGridSteering": 0.75,
      "neverSave": true,
      "behaviourName": "Source_212",
      "influenceActive": true,
      "masterIntensity": 1.0
    },
    {
      "sourceName": "Source_522",
      "sourceRotation": 2,
      "burstFreq": 3030,
      "burstQty": 17,
      "sourceCadence": 20.0,
      "spread": 6.28,
      "heading": 3.96,
      "burstFreqRandom": 0.0,
      "burstLength": 1.0,
      "yvelocity": 0.0,
      "position_x": -4831.1724,
      "position_y": 1697.7451,
      "position_z": 1999.7274,
      "active": false,
      "linked": true,
      "lifespan": 8000,
      "influenceSize": 395,
      "segradius": 2,
      "lookahead": 14,
      "maxspeed": 5.65,
      "randomspeed": 0.95,
      "coreSize": 0.1,
      "influenceIntensity": 0.81,
      "onGridFriction": 0.937,
      "onGridSteering": 0.6,
      "offGridFriction": 1.072,
      "offGridSteering": 1.0,
      "neverSave": true,
      "behaviourName": "Source_522",
      "influenceActive": true,
      "masterIntensity": 1.0
    },
    {
      "position_x": -5350.7876,
      "position_y": 797.7451,
      "position_z": 1999.7274,
      "active": false,
      "linked": false,
      "sourceName": "Source_521",
      "sourceRotation": 2,
      "burstFreq": 3030,
      "burstQty": 17,
      "sourceCadence": 20.0,
      "spread": 6.28,
      "heading": 3.96,
      "burstFreqRandom": 0.0,
      "burstLength": 1.0,
      "yvelocity": 0.0,
      "lifespan": 8000,
      "influenceSize": 395,
      "segradius": 2,
      "lookahead": 14,
      "maxspeed": 5.65,
      "randomspeed": 0.95,
      "coreSize": 0.1,
      "influenceIntensity": 0.81,
      "onGridFriction": 0.937,
      "onGridSteering": 0.6,
      "offGridFriction": 1.072,
      "offGridSteering": 1.0,
      "neverSave": true,
      "behaviourName": "Source_521",
      "influenceActive": true,
      "masterIntensity": 1.0
    },
    {
      "sourceName": "Source_520",
      "sourceRotation": 2,
      "burstFreq": 3030,
      "burstQty": 17,
      "sourceCadence": 20.0,
      "spread": 6.28,
      "heading": 3.96,
      "burstFreqRandom": 0.0,
      "burstLength": 1.0,
      "yvelocity": 0.0,
      "position_x": -5870.403,
      "position_y": -102.2549,
      "position_z": 1999.7274,
      "active": false,
      "linked": true,
      "lifespan": 8000,
      "influenceSize": 395,
      "segradius": 2,
      "lookahead": 14,
      "maxspeed": 5.65,
      "randomspeed": 0.95,
      "coreSize": 0.1,
      "influenceIntensity": 0.81,
      "onGridFriction": 0.937,
      "onGridSteering": 0.6,
      "offGridFriction": 1.072,
      "offGridSteering": 1.0,
      "neverSave": true,
      "behaviourName": "Source_520",
      "influenceActive": true,
      "masterIntensity": 1.0
    },
    {
      "sourceName": "Source_519",
      "sourceRotation": 2,
      "burstFreq": 3030,
      "burstQty": 17,
      "sourceCadence": 20.0,
      "spread": 6.28,
      "heading": 3.96,
      "burstFreqRandom": 0.0,
      "burstLength": 1.0,
      "yvelocity": 0.0,
      "position_x": -4311.557,
      "position_y": -1002.2549,
      "position_z": 1999.7274,
      "active": false,
      "linked": true,
      "lifespan": 8000,
      "influenceSize": 395,
      "segradius": 2,
      "lookahead": 14,
      "maxspeed": 5.65,
      "randomspeed": 0.95,
      "coreSize": 0.1,
      "influenceIntensity": 0.81,
      "onGridFriction": 0.937,
      "onGridSteering": 0.6,
      "offGridFriction": 1.072,
      "offGridSteering": 1.0,
      "neverSave": true,
      "behaviourName": "Source_519",
      "influenceActive": true,
      "masterIntensity": 1.0
    },
    {
      "position_x": -3712.7815,
      "position_y": -6104.401,
      "position_z": 1331.7548,
      "active": false,
      "linked": false,
      "sourceName": "Source_530",
      "sourceRotation": 2,
      "burstFreq": 3030,
      "burstQty": 17,
      "sourceCadence": 20.0,
      "spread": 6.28,
      "heading": 3.96,
      "burstFreqRandom": 0.0,
      "burstLength": 1.0,
      "yvelocity": 0.0,
      "lifespan": 8000,
      "influenceSize": 395,
      "segradius": 2,
      "lookahead": 14,
      "maxspeed": 5.65,
      "randomspeed": 0.95,
      "coreSize": 0.1,
      "influenceIntensity": 0.81,
      "onGridFriction": 0.937,
      "onGridSteering": 0.6,
      "offGridFriction": 1.072,
      "offGridSteering": 1.0,
      "neverSave": true,
      "behaviourName": "Source_530",
      "influenceActive": true,
      "masterIntensity": 1.0
    },
    {
      "position_x": -2755.5735,
      "position_y": -6101.7085,
      "position_z": 1331.7548,
      "active": false,
      "linked": true,
      "sourceName": "Source_529",
      "sourceRotation": 2,
      "burstFreq": 3030,
      "burstQty": 17,
      "sourceCadence": 20.0,
      "spread": 6.28,
      "heading": 3.96,
      "burstFreqRandom": 0.0,
      "burstLength": 1.0,
      "yvelocity": 0.0,
      "lifespan": 8000,
      "influenceSize": 395,
      "segradius": 2,
      "lookahead": 14,
      "maxspeed": 5.65,
      "randomspeed": 0.95,
      "coreSize": 0.1,
      "influenceIntensity": 0.81,
      "onGridFriction": 0.937,
      "onGridSteering": 0.6,
      "offGridFriction": 1.072,
      "offGridSteering": 1.0,
      "neverSave": true,
      "behaviourName": "Source_529",
      "influenceActive": true,
      "masterIntensity": 1.0
    },
    {
      "position_x": -1712.5011,
      "position_y": -6102.053,
      "position_z": 1331.7548,
      "active": false,
      "linked": false,
      "sourceName": "Source_528",
      "sourceRotation": 2,
      "burstFreq": 3030,
      "burstQty": 17,
      "sourceCadence": 20.0,
      "spread": 6.28,
      "heading": 3.96,
      "burstFreqRandom": 0.0,
      "burstLength": 1.0,
      "yvelocity": 0.0,
      "lifespan": 8000,
      "influenceSize": 395,
      "segradius": 2,
      "lookahead": 14,
      "maxspeed": 5.65,
      "randomspeed": 0.95,
      "coreSize": 0.1,
      "influenceIntensity": 0.81,
      "onGridFriction": 0.937,
      "onGridSteering": 0.6,
      "offGridFriction": 1.072,
      "offGridSteering": 1.0,
      "neverSave": true,
      "behaviourName": "Source_528",
      "influenceActive": true,
      "masterIntensity": 1.0
    },
    {
      "position_x": -674.2505,
      "position_y": -6102.053,
      "position_z": 1331.7548,
      "active": false,
      "linked": false,
      "sourceName": "Source_527",
      "sourceRotation": 2,
      "burstFreq": 3030,
      "burstQty": 17,
      "sourceCadence": 20.0,
      "spread": 6.28,
      "heading": 3.96,
      "burstFreqRandom": 0.0,
      "burstLength": 1.0,
      "yvelocity": 0.0,
      "lifespan": 8000,
      "influenceSize": 395,
      "segradius": 2,
      "lookahead": 14,
      "maxspeed": 5.65,
      "randomspeed": 0.95,
      "coreSize": 0.1,
      "influenceIntensity": 0.81,
      "onGridFriction": 0.937,
      "onGridSteering": 0.6,
      "offGridFriction": 1.072,
      "offGridSteering": 1.0,
      "neverSave": true,
      "behaviourName": "Source_527",
      "influenceActive": true,
      "masterIntensity": 1.0
    },
    {
      "position_x": 362.206,
      "position_y": -6101.8276,
      "position_z": 1331.7548,
      "active": false,
      "linked": false,
      "sourceName": "Source_525",
      "sourceRotation": 2,
      "burstFreq": 3030,
      "burstQty": 17,
      "sourceCadence": 20.0,
      "spread": 6.28,
      "heading": 3.96,
      "burstFreqRandom": 0.0,
      "burstLength": 1.0,
      "yvelocity": 0.0,
      "lifespan": 8000,
      "influenceSize": 395,
      "segradius": 2,
      "lookahead": 14,
      "maxspeed": 5.65,
      "randomspeed": 0.95,
      "coreSize": 0.1,
      "influenceIntensity": 0.81,
      "onGridFriction": 0.937,
      "onGridSteering": 0.6,
      "offGridFriction": 1.072,
      "offGridSteering": 1.0,
      "neverSave": true,
      "behaviourName": "Source_525",
      "influenceActive": true,
      "masterIntensity": 1.0
    },
    {
      "position_x": -78.2489,
      "position_y": -5203.7715,
      "position_z": 1331.7548,
      "active": false,
      "linked": false,
      "sourceName": "Source_526",
      "sourceRotation": 2,
      "burstFreq": 3030,
      "burstQty": 17,
      "sourceCadence": 20.0,
      "spread": 6.28,
      "heading": 3.96,
      "burstFreqRandom": 0.0,
      "burstLength": 1.0,
      "yvelocity": 0.0,
      "lifespan": 8000,
      "influenceSize": 395,
      "segradius": 2,
      "lookahead": 14,
      "maxspeed": 5.65,
      "randomspeed": 0.95,
      "coreSize": 0.1,
      "influenceIntensity": 0.81,
      "onGridFriction": 0.937,
      "onGridSteering": 0.6,
      "offGridFriction": 1.072,
      "offGridSteering": 1.0,
      "neverSave": true,
      "behaviourName": "Source_526",
      "influenceActive": true,
      "masterIntensity": 1.0
    },
    {
      "position_x": 884.5952,
      "position_y": -5202.053,
      "position_z": 1331.7548,
      "active": false,
      "linked": false,
      "sourceName": "Source_524",
      "sourceRotation": 2,
      "burstFreq": 3030,
      "burstQty": 17,
      "sourceCadence": 20.0,
      "spread": 6.28,
      "heading": 3.96,
      "burstFreqRandom": 0.0,
      "burstLength": 1.0,
      "yvelocity": 0.0,
      "lifespan": 8000,
      "influenceSize": 395,
      "segradius": 2,
      "lookahead": 14,
      "maxspeed": 5.65,
      "randomspeed": 0.95,
      "coreSize": 0.1,
      "influenceIntensity": 0.81,
      "onGridFriction": 0.937,
      "onGridSteering": 0.6,
      "offGridFriction": 1.072,
      "offGridSteering": 1.0,
      "neverSave": true,
      "behaviourName": "Source_524",
      "influenceActive": true,
      "masterIntensity": 1.0
    }
  ],
  "neverSave": false,
  "behaviourName": "GridRunner",
  "influenceActive": true,
  "masterIntensity": 1.0
}