{
  "totalParticles": 2000,
  "nParticles": 635,
  "lifespan": 9500,
  "burstFreq": 4000,
  "burstQty": 4,
  "sourceRotation": 2,
  "totalActiveSources": 2,
  "influenceSize": 210,
  "maxspeed": 3.8,
  "randomspeed": 0.8,
  "yvelocity": 0.1,
  "gravity": 0.0,
  "burstFreqRandom": 0.0,
  "burstLength": 1.0,
  "coreSize": 0.81,
  "influenceIntensity": 0.26,
  "gridScale": 1.0,
  "gridWaveX": 0.0,
  "gridWaveZ": 0.0,
  "spread": 4.12,
  "heading": 1.55,
  "onGridFriction": 1.1,
  "onGridSteering": 1.0,
  "offGridFriction": 0.994,
  "offGridSteering": 1.0,
  "partScale": 0.6,
  "randomScale": 0.0,
  "sourceCadence": 500.0,
  "debugOpacity": 0.07,
  "vertexOpacity": 0.42,
  "segradius": 2,
  "lookahead": 19,
  "mouseSource": false,
  "sourceStep": false,
  "allSources": true,
  "linkedSources": false,
  "debug": false,
  "displayModel": false,
  "displaySegments": false,
  "displayParticles": true,
  "displayVertices": true,
  "displaySources": false,
  "displayCore": false,
  "influenceActive": true,
  "modelName": "meander_for_GridRunner.obj",
  "particleSourceVars": [
    {
      "sourceName": "Source_PS",
      "sourceRotation": 2,
      "burstFreq": 4000,
      "burstQty": 4,
      "sourceCadence": 500.0,
      "spread": 4.12,
      "heading": 1.55,
      "burstFreqRandom": 0.0,
      "burstLength": 1.0,
      "yvelocity": 0.1,
      "position_x": -6042.3506,
      "position_y": 1198.61,
      "position_z": 2249.7273,
      "active": true,
      "linked": true,
      "lifespan": 9500,
      "influenceSize": 210,
      "segradius": 2,
      "lookahead": 19,
      "maxspeed": 3.8,
      "randomspeed": 0.8,
      "coreSize": 0.81,
      "influenceIntensity": 0.26,
      "onGridFriction": 1.1,
      "onGridSteering": 1.0,
      "offGridFriction": 0.994,
      "offGridSteering": 1.0,
      "neverSave": true,
      "behaviourName": "Source_PS"
    },
    {
      "sourceName": "Source_274",
      "sourceRotation": 2,
      "burstFreq": 4000,
      "burstQty": 4,
      "sourceCadence": 500.0,
      "spread": 4.12,
      "heading": 1.55,
      "burstFreqRandom": 0.0,
      "burstLength": 1.0,
      "yvelocity": 0.1,
      "position_x": 1889.66,
      "position_y": -3917.63,
      "position_z": 1953.0,
      "active": true,
      "linked": true,
      "lifespan": 9500,
      "influenceSize": 210,
      "segradius": 2,
      "lookahead": 19,
      "maxspeed": 3.8,
      "randomspeed": 0.8,
      "coreSize": 0.81,
      "influenceIntensity": 0.26,
      "onGridFriction": 1.1,
      "onGridSteering": 1.0,
      "offGridFriction": 0.994,
      "offGridSteering": 1.0,
      "neverSave": true,
      "behaviourName": "Source_274"
    },
    {
      "sourceName": "Source_275",
      "sourceRotation": 2,
      "burstFreq": 4000,
      "burstQty": 4,
      "sourceCadence": 500.0,
      "spread": 4.12,
      "heading": 1.55,
      "burstFreqRandom": 0.0,
      "burstLength": 1.0,
      "yvelocity": 0.1,
      "position_x": -3614.99,
      "position_y": -1955.62,
      "position_z": 2619.05,
      "active": true,
      "linked": false,
      "lifespan": 9500,
      "influenceSize": 210,
      "segradius": 2,
      "lookahead": 19,
      "maxspeed": 3.8,
      "randomspeed": 0.8,
      "coreSize": 0.81,
      "influenceIntensity": 0.26,
      "onGridFriction": 1.1,
      "onGridSteering": 1.0,
      "offGridFriction": 0.994,
      "offGridSteering": 1.0,
      "neverSave": true,
      "behaviourName": "Source_275"
    }
  ],
  "neverSave": false,
  "behaviourName": "GridRunner"
}