{
  "totalParticles": 2000,
  "nParticles": 1180,
  "lifespan": 8000,
  "burstFreq": 1820,
  "burstFreqRandom" : 0.0,
  "burstQty": 15,
  "sourceRotation": 2,
  "totalActiveSources": 1,
  "influenceSize": 130,
  "maxspeed": 6.5,
  "randomspeed": 1.0,
  "yvelocity": 0.09,
  "gravity": 0.0,
  "burstLength": 0.1,
  "coreSize": 0.9,
  "influenceIntensity": 0.3,
  "gridScale": 1.0,
  "gridWaveX": 0.0,
  "gridWaveZ": 0.0,
  "spread": 1.66,
  "heading": 4.33,
  "onGridFriction": 1.0,
  "onGridSteering": 0.73,
  "offGridFriction": 1.0,
  "offGridSteering": 0.75,
  "partScale": 3.6,
  "randomScale": 0.2,
  "sourceCadence": 20.0,
  "debugOpacity": 0.05,
  "vertexOpacity": 1.0,
  "segradius": 2,
  "lookahead": 17,
  "mouseSource": true,
  "sourceStep": false,
  "allSources": true,
  "linkedSources": true,
  "debug": false,
  "displayModel": true,
  "displaySegments": false,
  "displayParticles": false,
  "displayVertices": true,
  "displaySources": true,
  "displayCore": true,
  "modelName": "meander_for_GridRunner.obj",
  "particleSourceVars": [],
  "neverSave": false,
  "behaviourName": "GridRunner",
  "influenceActive": true,
  "masterIntensity": 1.0
}