{
  "totalParticles": 2000,
  "nParticles": 1180,
  "lifespan": 8000,
  "burstFreq": 1820,
  "burstFreqRandom" : 0.0,
  "burstQty": 15,
  "sourceRotation": 2,
  "totalActiveSources": 0,
  "influenceSize": 365,
  "maxspeed": 5.15,
  "randomspeed": 0.55,
  "yvelocity": 0.09,
  "gravity": 0.0,
  "burstLength": 0.1,
  "coreSize": 0.25,
  "influenceIntensity": 0.15,
  "gridScale": 1.0,
  "gridWaveX": 0.0,
  "gridWaveZ": 0.0,
  "spread": 1.66,
  "heading": 1.05,
  "onGridFriction": 1.0,
  "onGridSteering": 0.73,
  "offGridFriction": 1.0,
  "offGridSteering": 0.75,
  "partScale": 3.6,
  "randomScale": 0.2,
  "sourceCadence": 20.0,
  "debugOpacity": 0.05,
  "vertexOpacity": 1.0,
  "segradius": 2,
  "lookahead": 17,
  "mouseSource": false,
  "sourceStep": false,
  "allSources": false,
  "linkedSources": true,
  "debug": false,
  "displayModel": true,
  "displaySegments": false,
  "displayParticles": false,
  "displayVertices": true,
  "displaySources": true,
  "displayCore": true,
  "modelName": "meander_for_GridRunner.obj",
  "particleSourceVars": [
    {
      "sourceName": "Source_PS",
      "sourceRotation": 2,
      "burstFreq": 1820,
      "burstFreqRandom" : 0.0,
      "burstQty": 15,
      "sourceCadence": 20.0,
      "spread": 1.66,
      "heading": 1.05,
      "burstLength": 0.1,
      "yvelocity": 0.09,
      "position_x": -2755.5735,
      "position_y": -6101.7085,
      "position_z": 1081.7548,
      "active": true,
      "linked": true,
      "lifespan": 8000,
      "influenceSize": 365,
      "segradius": 2,
      "lookahead": 17,
      "maxspeed": 5.15,
      "randomspeed": 0.55,
      "coreSize": 0.25,
      "influenceIntensity": 0.15,
      "onGridFriction": 1.0,
      "onGridSteering": 0.73,
      "offGridFriction": 1.0,
      "offGridSteering": 0.75,
      "neverSave": true,
      "behaviourName": "Source_PS",
      "influenceActive": true,
      "masterIntensity": 1.0
    },
    {
      "sourceName": "Source_456",
      "sourceRotation": 2,
      "burstFreq": 1820,
      "burstFreqRandom" : 0.0,
      "burstQty": 15,
      "sourceCadence": 20.0,
      "spread": 1.66,
      "heading": 1.05,
      "burstLength": 0.1,
      "yvelocity": 0.09,
      "position_x": -6035.471,
      "position_y": -427.0348,
      "position_z": 2249.7273,
      "active": true,
      "linked": true,
      "lifespan": 8000,
      "influenceSize": 365,
      "segradius": 2,
      "lookahead": 17,
      "maxspeed": 5.15,
      "randomspeed": 0.55,
      "coreSize": 0.25,
      "influenceIntensity": 0.15,
      "onGridFriction": 1.0,
      "onGridSteering": 0.73,
      "offGridFriction": 1.0,
      "offGridSteering": 0.75,
      "neverSave": true,
      "behaviourName": "Source_456",
      "influenceActive": true,
      "masterIntensity": 1.0
    },
    {
      "sourceName": "Source_357",
      "sourceRotation": 2,
      "burstFreq": 1820,
      "burstFreqRandom" : 0.0,
      "burstQty": 15,
      "sourceCadence": 20.0,
      "spread": 3.21,
      "heading": 1.05,
      "burstLength": 0.1,
      "yvelocity": 0.09,
      "position_x": -2388.8352,
      "position_y": -7875.0566,
      "position_z": 1581.7548,
      "active": true,
      "linked": false,
      "lifespan": 8000,
      "influenceSize": 365,
      "segradius": 2,
      "lookahead": 17,
      "maxspeed": 5.15,
      "randomspeed": 0.55,
      "coreSize": 0.25,
      "influenceIntensity": 0.15,
      "onGridFriction": 1.0,
      "onGridSteering": 0.73,
      "offGridFriction": 1.0,
      "offGridSteering": 0.75,
      "neverSave": true,
      "behaviourName": "Source_357",
      "influenceActive": true,
      "masterIntensity": 1.0
    },
    {
      "sourceName": "Source_517",
      "sourceRotation": 2,
      "burstFreq": 1820,
      "burstFreqRandom" : 0.0,
      "burstQty": 15,
      "sourceCadence": 20.0,
      "spread": 1.66,
      "heading": 4.4,
      "burstLength": 0.1,
      "yvelocity": 0.09,
      "position_x": -4152.057,
      "position_y": 4093.8105,
      "position_z": 2249.7273,
      "active": true,
      "linked": false,
      "lifespan": 8000,
      "influenceSize": 365,
      "segradius": 2,
      "lookahead": 17,
      "maxspeed": 5.15,
      "randomspeed": 0.55,
      "coreSize": 0.25,
      "influenceIntensity": 0.15,
      "onGridFriction": 1.0,
      "onGridSteering": 0.73,
      "offGridFriction": 1.0,
      "offGridSteering": 0.75,
      "neverSave": true,
      "behaviourName": "Source_517",
      "influenceActive": true,
      "masterIntensity": 1.0
    }
  ],
  "neverSave": false,
  "behaviourName": "GridRunner",
  "influenceActive": true,
  "masterIntensity": 1.0
}