{
  "totalParticles": 2000,
  "nParticles": 1005,
  "lifespan": 8750,
  "burstFreq": 4000,
  "burstQty": 130,
  "sourceRotation": 2,
  "totalActiveSources": 5,
  "influenceSize": 0,
  "maxspeed": 5.9,
  "randomspeed": 0.5,
  "yvelocity": 0.46,
  "gravity": 0.0,
  "burstFreqRandom": 0.0,
  "burstLength": 0.3,
  "coreSize": 0.0,
  "influenceIntensity": 0.0,
  "gridScale": 1.0,
  "gridWaveX": 0.0,
  "gridWaveZ": 0.0,
  "spread": 6.28,
  "heading": 3.55,
  "onGridFriction": 0.998,
  "onGridSteering": 1.0,
  "offGridFriction": 1.0,
  "offGridSteering": 0.91,
  "partScale": 2.2,
  "randomScale": 0.0,
  "sourceCadence": 500.0,
  "debugOpacity": 0.16,
  "vertexOpacity": 1.0,
  "segradius": 2,
  "lookahead": 19,
  "mouseSource": false,
  "sourceStep": false,
  "allSources": true,
  "linkedSources": false,
  "debug": false,
  "displayModel": false,
  "displaySegments": false,
  "displayParticles": true,
  "displayVertices": true,
  "displaySources": true,
  "displayCore": false,
  "modelName": "meander_for_GridRunner.obj",
  "particleSourceVars": [
    {
      "sourceName": "Source_91",
      "sourceRotation": 2,
      "burstFreq": 4000,
      "burstQty": 130,
      "sourceCadence": 500.0,
      "spread": 6.28,
      "heading": 3.55,
      "burstFreqRandom": 0.0,
      "burstLength": 0.3,
      "yvelocity": 0.46,
      "position_x": -1984.5231,
      "position_y": -6129.4697,
      "position_z": 1994.3696,
      "active": true,
      "linked": true,
      "lifespan": 8750,
      "influenceSize": 0,
      "segradius": 2,
      "lookahead": 19,
      "maxspeed": 5.9,
      "randomspeed": 0.5,
      "coreSize": 0.0,
      "influenceIntensity": 0.0,
      "onGridFriction": 0.998,
      "onGridSteering": 1.0,
      "offGridFriction": 1.0,
      "offGridSteering": 0.91,
      "neverSave": true,
      "behaviourName": "Source_91",
      "influenceActive": true,
      "masterIntensity": 1.0
    },
    {
      "sourceName": "Source_33",
      "sourceRotation": 2,
      "burstFreq": 4000,
      "burstQty": 130,
      "sourceCadence": 500.0,
      "spread": 6.28,
      "heading": 3.55,
      "burstFreqRandom": 0.0,
      "burstLength": 0.3,
      "yvelocity": 0.46,
      "position_x": -4632.052,
      "position_y": -5662.562,
      "position_z": 2004.6877,
      "active": true,
      "linked": true,
      "lifespan": 8750,
      "influenceSize": 0,
      "segradius": 2,
      "lookahead": 19,
      "maxspeed": 5.9,
      "randomspeed": 0.5,
      "coreSize": 0.0,
      "influenceIntensity": 0.0,
      "onGridFriction": 0.998,
      "onGridSteering": 1.0,
      "offGridFriction": 1.0,
      "offGridSteering": 0.91,
      "neverSave": true,
      "behaviourName": "Source_33",
      "influenceActive": true,
      "masterIntensity": 1.0
    },
    {
      "sourceName": "Source_106",
      "sourceRotation": 2,
      "burstFreq": 4000,
      "burstQty": 130,
      "sourceCadence": 500.0,
      "spread": 6.28,
      "heading": 3.55,
      "burstFreqRandom": 0.0,
      "burstLength": 0.3,
      "yvelocity": 0.46,
      "position_x": -697.6615,
      "position_y": -7426.095,
      "position_z": 2071.5403,
      "active": true,
      "linked": true,
      "lifespan": 8750,
      "influenceSize": 0,
      "segradius": 2,
      "lookahead": 19,
      "maxspeed": 5.9,
      "randomspeed": 0.5,
      "coreSize": 0.0,
      "influenceIntensity": 0.0,
      "onGridFriction": 0.998,
      "onGridSteering": 1.0,
      "offGridFriction": 1.0,
      "offGridSteering": 0.91,
      "neverSave": true,
      "behaviourName": "Source_106",
      "influenceActive": true,
      "masterIntensity": 1.0
    },
    {
      "sourceName": "Source_143",
      "sourceRotation": 2,
      "burstFreq": 4000,
      "burstQty": 130,
      "sourceCadence": 500.0,
      "spread": 6.28,
      "heading": 3.55,
      "burstFreqRandom": 0.0,
      "burstLength": 0.3,
      "yvelocity": 0.46,
      "position_x": 491.4662,
      "position_y": -4897.823,
      "position_z": 1999.2399,
      "active": true,
      "linked": true,
      "lifespan": 8750,
      "influenceSize": 0,
      "segradius": 2,
      "lookahead": 19,
      "maxspeed": 5.9,
      "randomspeed": 0.5,
      "coreSize": 0.0,
      "influenceIntensity": 0.0,
      "onGridFriction": 0.998,
      "onGridSteering": 1.0,
      "offGridFriction": 1.0,
      "offGridSteering": 0.91,
      "neverSave": true,
      "behaviourName": "Source_143",
      "influenceActive": true,
      "masterIntensity": 1.0
    },
    {
      "sourceName": "Source_278",
      "sourceRotation": 2,
      "burstFreq": 4000,
      "burstQty": 130,
      "sourceCadence": 500.0,
      "spread": 6.28,
      "heading": 3.55,
      "burstFreqRandom": 0.0,
      "burstLength": 0.3,
      "yvelocity": 0.46,
      "position_x": 1277.3757,
      "position_y": -3781.7522,
      "position_z": 2494.1282,
      "active": true,
      "linked": true,
      "lifespan": 8750,
      "influenceSize": 0,
      "segradius": 2,
      "lookahead": 19,
      "maxspeed": 5.9,
      "randomspeed": 0.5,
      "coreSize": 0.0,
      "influenceIntensity": 0.0,
      "onGridFriction": 0.998,
      "onGridSteering": 1.0,
      "offGridFriction": 1.0,
      "offGridSteering": 0.91,
      "neverSave": true,
      "behaviourName": "Source_278",
      "influenceActive": true,
      "masterIntensity": 1.0
    },
    {
      "sourceName": "Source_PS",
      "sourceRotation": 2,
      "burstFreq": 4000,
      "burstQty": 130,
      "sourceCadence": 500.0,
      "spread": 6.28,
      "heading": 3.55,
      "burstFreqRandom": 0.0,
      "burstLength": 0.3,
      "yvelocity": 0.46,
      "position_x": 1517.3373,
      "position_y": -6974.4185,
      "position_z": 1581.8625,
      "active": true,
      "linked": true,
      "lifespan": 8750,
      "influenceSize": 0,
      "segradius": 2,
      "lookahead": 19,
      "maxspeed": 5.9,
      "randomspeed": 0.5,
      "coreSize": 0.0,
      "influenceIntensity": 0.0,
      "onGridFriction": 0.998,
      "onGridSteering": 1.0,
      "offGridFriction": 1.0,
      "offGridSteering": 0.91,
      "neverSave": true,
      "behaviourName": "Source_PS",
      "influenceActive": true,
      "masterIntensity": 1.0
    }
  ],
  "neverSave": false,
  "behaviourName": "GridRunner",
  "influenceActive": true,
  "masterIntensity": 1.0
}