{
  "totalParticles": 2000,
  "nParticles": 1005,
  "lifespan": 10000,
  "burstFreq": 3450,
  "burstFreqRandom" : 0.0,
  "burstQty": 1,
  "sourceRotation": 2,
  "totalActiveSources": 0,
  "influenceSize": 165,
  "maxspeed": 3.3,
  "randomspeed": 0.5,
  "yvelocity": 0.46,
  "gravity": 0.0,
  "burstLength": 0.1,
  "coreSize": 0.36,
  "influenceIntensity": 0.75,
  "gridScale": 1.0,
  "gridWaveX": 0.0,
  "gridWaveZ": 0.0,
  "spread": 6.28,
  "heading": 3.55,
  "onGridFriction": 0.998,
  "onGridSteering": 1.0,
  "offGridFriction": 1.0,
  "offGridSteering": 0.91,
  "partScale": 2.2,
  "randomScale": 0.0,
  "sourceCadence": 500.0,
  "debugOpacity": 0.27,
  "vertexOpacity": 0.14,
  "segradius": 2,
  "lookahead": 11,
  "mouseSource": false,
  "sourceStep": false,
  "allSources": true,
  "linkedSources": false,
  "debug": true,
  "displayModel": false,
  "displaySegments": false,
  "displayParticles": true,
  "displayVertices": true,
  "displaySources": true,
  "displayCore": true,
  "modelName": "meander_for_GridRunner.obj",
  "particleSourceVars": [
    {
      "sourceName": "Source_278",
      "sourceRotation": 2,
      "burstFreq": 3450,
      "burstFreqRandom" : 0.0,
      "burstQty": 1,
      "sourceCadence": 500.0,
      "spread": 6.28,
      "heading": 3.55,
      "burstLength": 0.1,
      "yvelocity": 0.46,
      "position_x": 1277.3757,
      "position_y": -3781.7522,
      "position_z": 2494.1282,
      "active": true,
      "linked": true,
      "lifespan": 10000,
      "influenceSize": 165,
      "segradius": 2,
      "lookahead": 11,
      "maxspeed": 3.3,
      "randomspeed": 0.5,
      "coreSize": 0.36,
      "influenceIntensity": 0.75,
      "onGridFriction": 0.998,
      "onGridSteering": 1.0,
      "offGridFriction": 1.0,
      "offGridSteering": 0.91,
      "neverSave": true,
      "behaviourName": "Source_278",
      "influenceActive": true,
      "masterIntensity": 1.0
    },
    {
      "sourceName": "Source_PS",
      "sourceRotation": 2,
      "burstFreq": 3450,
      "burstFreqRandom" : 0.0,
      "burstQty": 1,
      "sourceCadence": 500.0,
      "spread": 6.28,
      "heading": 3.55,
      "burstLength": 0.1,
      "yvelocity": 0.46,
      "position_x": 2031.5837,
      "position_y": -3782.3682,
      "position_z": 2171.232,
      "active": true,
      "linked": true,
      "lifespan": 10000,
      "influenceSize": 165,
      "segradius": 2,
      "lookahead": 11,
      "maxspeed": 3.3,
      "randomspeed": 0.5,
      "coreSize": 0.36,
      "influenceIntensity": 0.75,
      "onGridFriction": 0.998,
      "onGridSteering": 1.0,
      "offGridFriction": 1.0,
      "offGridSteering": 0.91,
      "neverSave": true,
      "behaviourName": "Source_PS",
      "influenceActive": true,
      "masterIntensity": 1.0
    },
    {
      "sourceName": "Source_PS",
      "sourceRotation": 2,
      "burstFreq": 3450,
      "burstFreqRandom" : 0.0,
      "burstQty": 1,
      "sourceCadence": 500.0,
      "spread": 6.28,
      "heading": 3.55,
      "burstLength": 0.1,
      "yvelocity": 0.46,
      "position_x": 1808.1437,
      "position_y": -3600.3682,
      "position_z": 2390.808,
      "active": true,
      "linked": true,
      "lifespan": 10000,
      "influenceSize": 165,
      "segradius": 2,
      "lookahead": 11,
      "maxspeed": 3.3,
      "randomspeed": 0.5,
      "coreSize": 0.36,
      "influenceIntensity": 0.75,
      "onGridFriction": 0.998,
      "onGridSteering": 1.0,
      "offGridFriction": 1.0,
      "offGridSteering": 0.91,
      "neverSave": true,
      "behaviourName": "Source_PS",
      "influenceActive": true,
      "masterIntensity": 1.0
    },
    {
      "sourceName": "Source_184",
      "sourceRotation": 2,
      "burstFreq": 3450,
      "burstFreqRandom" : 0.0,
      "burstQty": 1,
      "sourceCadence": 500.0,
      "spread": 6.28,
      "heading": 3.55,
      "burstLength": 0.1,
      "yvelocity": 0.46,
      "position_x": -4668.8076,
      "position_y": -1561.0872,
      "position_z": 1874.5825,
      "active": true,
      "linked": true,
      "lifespan": 10000,
      "influenceSize": 165,
      "segradius": 2,
      "lookahead": 11,
      "maxspeed": 3.3,
      "randomspeed": 0.5,
      "coreSize": 0.36,
      "influenceIntensity": 0.75,
      "onGridFriction": 0.998,
      "onGridSteering": 1.0,
      "offGridFriction": 1.0,
      "offGridSteering": 0.91,
      "neverSave": true,
      "behaviourName": "Source_184",
      "influenceActive": true,
      "masterIntensity": 1.0
    },
    {
      "sourceName": "Source_439",
      "sourceRotation": 2,
      "burstFreq": 3450,
      "burstFreqRandom" : 0.0,
      "burstQty": 1,
      "sourceCadence": 500.0,
      "spread": 6.28,
      "heading": 3.55,
      "burstLength": 0.1,
      "yvelocity": 0.46,
      "position_x": -78.2489,
      "position_y": -5203.7715,
      "position_z": 1081.7548,
      "active": true,
      "linked": true,
      "lifespan": 10000,
      "influenceSize": 165,
      "segradius": 2,
      "lookahead": 11,
      "maxspeed": 3.3,
      "randomspeed": 0.5,
      "coreSize": 0.36,
      "influenceIntensity": 0.75,
      "onGridFriction": 0.998,
      "onGridSteering": 1.0,
      "offGridFriction": 1.0,
      "offGridSteering": 0.91,
      "neverSave": true,
      "behaviourName": "Source_439",
      "influenceActive": true,
      "masterIntensity": 1.0
    },
    {
      "sourceName": "Source_493",
      "sourceRotation": 2,
      "burstFreq": 3450,
      "burstFreqRandom" : 0.0,
      "burstQty": 1,
      "sourceCadence": 500.0,
      "spread": 6.28,
      "heading": 3.55,
      "burstLength": 0.1,
      "yvelocity": 0.46,
      "position_x": -4514.467,
      "position_y": 1105.5183,
      "position_z": 2249.7273,
      "active": true,
      "linked": true,
      "lifespan": 10000,
      "influenceSize": 165,
      "segradius": 2,
      "lookahead": 11,
      "maxspeed": 3.3,
      "randomspeed": 0.5,
      "coreSize": 0.36,
      "influenceIntensity": 0.75,
      "onGridFriction": 0.998,
      "onGridSteering": 1.0,
      "offGridFriction": 1.0,
      "offGridSteering": 0.91,
      "neverSave": true,
      "behaviourName": "Source_493",
      "influenceActive": true,
      "masterIntensity": 1.0
    },
    {
      "sourceName": "Source_129",
      "sourceRotation": 2,
      "burstFreq": 3450,
      "burstFreqRandom" : 0.0,
      "burstQty": 1,
      "sourceCadence": 500.0,
      "spread": 6.28,
      "heading": 3.55,
      "burstLength": 0.1,
      "yvelocity": 0.46,
      "position_x": -5151.4395,
      "position_y": 197.7451,
      "position_z": 2249.7273,
      "active": true,
      "linked": true,
      "lifespan": 10000,
      "influenceSize": 165,
      "segradius": 2,
      "lookahead": 11,
      "maxspeed": 3.3,
      "randomspeed": 0.5,
      "coreSize": 0.36,
      "influenceIntensity": 0.75,
      "onGridFriction": 0.998,
      "onGridSteering": 1.0,
      "offGridFriction": 1.0,
      "offGridSteering": 0.91,
      "neverSave": true,
      "behaviourName": "Source_129",
      "influenceActive": true,
      "masterIntensity": 1.0
    }
  ],
  "neverSave": false,
  "behaviourName": "GridRunner",
  "influenceActive": true,
  "masterIntensity": 1.0
}