{
  "totalParticles": 2000,
  "nParticles": 1005,
  "lifespan": 8750,
  "burstFreq": 1190,
  "burstQty": 4,
  "sourceRotation": 2,
  "totalActiveSources": 11,
  "influenceSize": 315,
  "maxspeed": 5.7,
  "randomspeed": 0.5,
  "yvelocity": 0.43,
  "gravity": 0.0,
  "burstFreqRandom": 0.0,
  "burstLength": 0.3,
  "coreSize": 0.93,
  "influenceIntensity": 0.1,
  "gridScale": 1.0,
  "gridWaveX": 0.0,
  "gridWaveZ": 0.0,
  "spread": 6.28,
  "heading": 3.55,
  "onGridFriction": 0.917,
  "onGridSteering": 1.0,
  "offGridFriction": 1.001,
  "offGridSteering": 1.0,
  "partScale": 2.2,
  "randomScale": 0.0,
  "sourceCadence": 500.0,
  "debugOpacity": 0.16,
  "vertexOpacity": 0.5,
  "segradius": 3,
  "lookahead": 10,
  "mouseSource": false,
  "sourceStep": false,
  "allSources": false,
  "linkedSources": true,
  "debug": false,
  "displayModel": false,
  "displaySegments": false,
  "displayParticles": false,
  "displayVertices": false,
  "displaySources": false,
  "displayCore": false,
  "influenceActive": true,
  "modelName": "meander_for_GridRunner.obj",
  "particleSourceVars": [
    {
      "sourceName": "Source_91",
      "sourceRotation": 2,
      "burstFreq": 1190,
      "burstQty": 4,
      "sourceCadence": 500.0,
      "spread": 6.28,
      "heading": 3.55,
      "burstFreqRandom": 0.0,
      "burstLength": 0.3,
      "yvelocity": 0.43,
      "position_x": -1984.5231,
      "position_y": -6129.4697,
      "position_z": 1994.3696,
      "active": true,
      "linked": true,
      "lifespan": 8750,
      "influenceSize": 315,
      "segradius": 3,
      "lookahead": 10,
      "maxspeed": 5.7,
      "randomspeed": 0.5,
      "coreSize": 0.93,
      "influenceIntensity": 0.1,
      "onGridFriction": 0.917,
      "onGridSteering": 1.0,
      "offGridFriction": 1.001,
      "offGridSteering": 1.0,
      "neverSave": true,
      "behaviourName": "Source_91"
    },
    {
      "sourceName": "Source_143",
      "sourceRotation": 2,
      "burstFreq": 1190,
      "burstQty": 4,
      "sourceCadence": 500.0,
      "spread": 6.28,
      "heading": 3.55,
      "burstFreqRandom": 0.0,
      "burstLength": 0.3,
      "yvelocity": 0.43,
      "position_x": 491.4662,
      "position_y": -4897.823,
      "position_z": 1999.2399,
      "active": true,
      "linked": true,
      "lifespan": 8750,
      "influenceSize": 315,
      "segradius": 3,
      "lookahead": 10,
      "maxspeed": 5.7,
      "randomspeed": 0.5,
      "coreSize": 0.93,
      "influenceIntensity": 0.1,
      "onGridFriction": 0.917,
      "onGridSteering": 1.0,
      "offGridFriction": 1.001,
      "offGridSteering": 1.0,
      "neverSave": true,
      "behaviourName": "Source_143"
    },
    {
      "sourceName": "Source_PS",
      "sourceRotation": 2,
      "burstFreq": 1190,
      "burstQty": 4,
      "sourceCadence": 500.0,
      "spread": 6.28,
      "heading": 3.55,
      "burstFreqRandom": 0.0,
      "burstLength": 0.3,
      "yvelocity": 0.43,
      "position_x": -6042.3506,
      "position_y": 1198.61,
      "position_z": 2249.7273,
      "active": true,
      "linked": true,
      "lifespan": 8750,
      "influenceSize": 315,
      "segradius": 3,
      "lookahead": 10,
      "maxspeed": 5.7,
      "randomspeed": 0.5,
      "coreSize": 0.93,
      "influenceIntensity": 0.1,
      "onGridFriction": 0.917,
      "onGridSteering": 1.0,
      "offGridFriction": 1.001,
      "offGridSteering": 1.0,
      "neverSave": true,
      "behaviourName": "Source_PS"
    },
    {
      "sourceName": "Source_159",
      "sourceRotation": 2,
      "burstFreq": 1190,
      "burstQty": 4,
      "sourceCadence": 500.0,
      "spread": 6.28,
      "heading": 3.55,
      "burstFreqRandom": 0.0,
      "burstLength": 0.3,
      "yvelocity": 0.43,
      "position_x": -4311.557,
      "position_y": -7002.255,
      "position_z": 1081.7548,
      "active": true,
      "linked": true,
      "lifespan": 8750,
      "influenceSize": 315,
      "segradius": 3,
      "lookahead": 10,
      "maxspeed": 5.7,
      "randomspeed": 0.5,
      "coreSize": 0.93,
      "influenceIntensity": 0.1,
      "onGridFriction": 0.917,
      "onGridSteering": 1.0,
      "offGridFriction": 1.001,
      "offGridSteering": 1.0,
      "neverSave": true,
      "behaviourName": "Source_159"
    },
    {
      "sourceName": "Source_523",
      "sourceRotation": 2,
      "burstFreq": 3030,
      "burstQty": 17,
      "sourceCadence": 20.0,
      "spread": 6.28,
      "heading": 3.96,
      "burstFreqRandom": 0.0,
      "burstLength": 1.0,
      "yvelocity": 0.0,
      "position_x": -4311.557,
      "position_y": 2597.745,
      "position_z": 1999.7274,
      "active": false,
      "linked": false,
      "lifespan": 8000,
      "influenceSize": 395,
      "segradius": 2,
      "lookahead": 14,
      "maxspeed": 5.65,
      "randomspeed": 0.95,
      "coreSize": 0.1,
      "influenceIntensity": 0.81,
      "onGridFriction": 0.937,
      "onGridSteering": 0.6,
      "offGridFriction": 1.072,
      "offGridSteering": 1.0,
      "neverSave": true,
      "behaviourName": "Source_523"
    },
    {
      "sourceName": "Source_522",
      "sourceRotation": 2,
      "burstFreq": 3030,
      "burstQty": 17,
      "sourceCadence": 20.0,
      "spread": 6.28,
      "heading": 3.96,
      "burstFreqRandom": 0.0,
      "burstLength": 1.0,
      "yvelocity": 0.0,
      "position_x": -4831.1724,
      "position_y": 1697.7451,
      "position_z": 1999.7274,
      "active": false,
      "linked": false,
      "lifespan": 8000,
      "influenceSize": 395,
      "segradius": 2,
      "lookahead": 14,
      "maxspeed": 5.65,
      "randomspeed": 0.95,
      "coreSize": 0.1,
      "influenceIntensity": 0.81,
      "onGridFriction": 0.937,
      "onGridSteering": 0.6,
      "offGridFriction": 1.072,
      "offGridSteering": 1.0,
      "neverSave": true,
      "behaviourName": "Source_522"
    },
    {
      "sourceName": "Source_521",
      "sourceRotation": 2,
      "burstFreq": 3030,
      "burstQty": 17,
      "sourceCadence": 20.0,
      "spread": 6.28,
      "heading": 3.96,
      "burstFreqRandom": 0.0,
      "burstLength": 1.0,
      "yvelocity": 0.0,
      "position_x": -5350.7876,
      "position_y": 797.7451,
      "position_z": 1999.7274,
      "active": false,
      "linked": false,
      "lifespan": 8000,
      "influenceSize": 395,
      "segradius": 2,
      "lookahead": 14,
      "maxspeed": 5.65,
      "randomspeed": 0.95,
      "coreSize": 0.1,
      "influenceIntensity": 0.81,
      "onGridFriction": 0.937,
      "onGridSteering": 0.6,
      "offGridFriction": 1.072,
      "offGridSteering": 1.0,
      "neverSave": true,
      "behaviourName": "Source_521"
    },
    {
      "sourceName": "Source_520",
      "sourceRotation": 2,
      "burstFreq": 3030,
      "burstQty": 17,
      "sourceCadence": 20.0,
      "spread": 6.28,
      "heading": 3.96,
      "burstFreqRandom": 0.0,
      "burstLength": 1.0,
      "yvelocity": 0.0,
      "position_x": -5870.403,
      "position_y": -102.2549,
      "position_z": 1999.7274,
      "active": false,
      "linked": false,
      "lifespan": 8000,
      "influenceSize": 395,
      "segradius": 2,
      "lookahead": 14,
      "maxspeed": 5.65,
      "randomspeed": 0.95,
      "coreSize": 0.1,
      "influenceIntensity": 0.81,
      "onGridFriction": 0.937,
      "onGridSteering": 0.6,
      "offGridFriction": 1.072,
      "offGridSteering": 1.0,
      "neverSave": true,
      "behaviourName": "Source_520"
    },
    {
      "sourceName": "Source_519",
      "sourceRotation": 2,
      "burstFreq": 3030,
      "burstQty": 17,
      "sourceCadence": 20.0,
      "spread": 6.28,
      "heading": 3.96,
      "burstFreqRandom": 0.0,
      "burstLength": 1.0,
      "yvelocity": 0.0,
      "position_x": -4311.557,
      "position_y": -1002.2549,
      "position_z": 1999.7274,
      "active": false,
      "linked": false,
      "lifespan": 8000,
      "influenceSize": 395,
      "segradius": 2,
      "lookahead": 14,
      "maxspeed": 5.65,
      "randomspeed": 0.95,
      "coreSize": 0.1,
      "influenceIntensity": 0.81,
      "onGridFriction": 0.937,
      "onGridSteering": 0.6,
      "offGridFriction": 1.072,
      "offGridSteering": 1.0,
      "neverSave": true,
      "behaviourName": "Source_519"
    },
    {
      "sourceName": "Source_530",
      "sourceRotation": 2,
      "burstFreq": 3030,
      "burstQty": 17,
      "sourceCadence": 20.0,
      "spread": 6.28,
      "heading": 3.96,
      "burstFreqRandom": 0.0,
      "burstLength": 1.0,
      "yvelocity": 0.0,
      "position_x": -3712.7815,
      "position_y": -6104.401,
      "position_z": 1331.7548,
      "active": false,
      "linked": false,
      "lifespan": 8000,
      "influenceSize": 395,
      "segradius": 2,
      "lookahead": 14,
      "maxspeed": 5.65,
      "randomspeed": 0.95,
      "coreSize": 0.1,
      "influenceIntensity": 0.81,
      "onGridFriction": 0.937,
      "onGridSteering": 0.6,
      "offGridFriction": 1.072,
      "offGridSteering": 1.0,
      "neverSave": true,
      "behaviourName": "Source_530"
    },
    {
      "sourceName": "Source_529",
      "sourceRotation": 2,
      "burstFreq": 3030,
      "burstQty": 17,
      "sourceCadence": 20.0,
      "spread": 6.28,
      "heading": 3.96,
      "burstFreqRandom": 0.0,
      "burstLength": 1.0,
      "yvelocity": 0.0,
      "position_x": -2755.5735,
      "position_y": -6101.7085,
      "position_z": 1331.7548,
      "active": false,
      "linked": false,
      "lifespan": 8000,
      "influenceSize": 395,
      "segradius": 2,
      "lookahead": 14,
      "maxspeed": 5.65,
      "randomspeed": 0.95,
      "coreSize": 0.1,
      "influenceIntensity": 0.81,
      "onGridFriction": 0.937,
      "onGridSteering": 0.6,
      "offGridFriction": 1.072,
      "offGridSteering": 1.0,
      "neverSave": true,
      "behaviourName": "Source_529"
    },
    {
      "sourceName": "Source_528",
      "sourceRotation": 2,
      "burstFreq": 3030,
      "burstQty": 17,
      "sourceCadence": 20.0,
      "spread": 6.28,
      "heading": 3.96,
      "burstFreqRandom": 0.0,
      "burstLength": 1.0,
      "yvelocity": 0.0,
      "position_x": -1712.5011,
      "position_y": -6102.053,
      "position_z": 1331.7548,
      "active": false,
      "linked": false,
      "lifespan": 8000,
      "influenceSize": 395,
      "segradius": 2,
      "lookahead": 14,
      "maxspeed": 5.65,
      "randomspeed": 0.95,
      "coreSize": 0.1,
      "influenceIntensity": 0.81,
      "onGridFriction": 0.937,
      "onGridSteering": 0.6,
      "offGridFriction": 1.072,
      "offGridSteering": 1.0,
      "neverSave": true,
      "behaviourName": "Source_528"
    },
    {
      "sourceName": "Source_527",
      "sourceRotation": 2,
      "burstFreq": 3030,
      "burstQty": 17,
      "sourceCadence": 20.0,
      "spread": 6.28,
      "heading": 3.96,
      "burstFreqRandom": 0.0,
      "burstLength": 1.0,
      "yvelocity": 0.0,
      "position_x": -674.2505,
      "position_y": -6102.053,
      "position_z": 1331.7548,
      "active": false,
      "linked": false,
      "lifespan": 8000,
      "influenceSize": 395,
      "segradius": 2,
      "lookahead": 14,
      "maxspeed": 5.65,
      "randomspeed": 0.95,
      "coreSize": 0.1,
      "influenceIntensity": 0.81,
      "onGridFriction": 0.937,
      "onGridSteering": 0.6,
      "offGridFriction": 1.072,
      "offGridSteering": 1.0,
      "neverSave": true,
      "behaviourName": "Source_527"
    },
    {
      "sourceName": "Source_525",
      "sourceRotation": 2,
      "burstFreq": 3030,
      "burstQty": 17,
      "sourceCadence": 20.0,
      "spread": 6.28,
      "heading": 3.96,
      "burstFreqRandom": 0.0,
      "burstLength": 1.0,
      "yvelocity": 0.0,
      "position_x": 362.206,
      "position_y": -6101.8276,
      "position_z": 1331.7548,
      "active": false,
      "linked": false,
      "lifespan": 8000,
      "influenceSize": 395,
      "segradius": 2,
      "lookahead": 14,
      "maxspeed": 5.65,
      "randomspeed": 0.95,
      "coreSize": 0.1,
      "influenceIntensity": 0.81,
      "onGridFriction": 0.937,
      "onGridSteering": 0.6,
      "offGridFriction": 1.072,
      "offGridSteering": 1.0,
      "neverSave": true,
      "behaviourName": "Source_525"
    },
    {
      "sourceName": "Source_526",
      "sourceRotation": 2,
      "burstFreq": 3030,
      "burstQty": 17,
      "sourceCadence": 20.0,
      "spread": 6.28,
      "heading": 3.96,
      "burstFreqRandom": 0.0,
      "burstLength": 1.0,
      "yvelocity": 0.0,
      "position_x": -78.2489,
      "position_y": -5203.7715,
      "position_z": 1331.7548,
      "active": false,
      "linked": false,
      "lifespan": 8000,
      "influenceSize": 395,
      "segradius": 2,
      "lookahead": 14,
      "maxspeed": 5.65,
      "randomspeed": 0.95,
      "coreSize": 0.1,
      "influenceIntensity": 0.81,
      "onGridFriction": 0.937,
      "onGridSteering": 0.6,
      "offGridFriction": 1.072,
      "offGridSteering": 1.0,
      "neverSave": true,
      "behaviourName": "Source_526"
    },
    {
      "sourceName": "Source_524",
      "sourceRotation": 2,
      "burstFreq": 3030,
      "burstQty": 17,
      "sourceCadence": 20.0,
      "spread": 6.28,
      "heading": 3.96,
      "burstFreqRandom": 0.0,
      "burstLength": 1.0,
      "yvelocity": 0.0,
      "position_x": 884.5952,
      "position_y": -5202.053,
      "position_z": 1331.7548,
      "active": false,
      "linked": false,
      "lifespan": 8000,
      "influenceSize": 395,
      "segradius": 2,
      "lookahead": 14,
      "maxspeed": 5.65,
      "randomspeed": 0.95,
      "coreSize": 0.1,
      "influenceIntensity": 0.81,
      "onGridFriction": 0.937,
      "onGridSteering": 0.6,
      "offGridFriction": 1.072,
      "offGridSteering": 1.0,
      "neverSave": true,
      "behaviourName": "Source_524"
    },
    {
      "sourceName": "Source_497",
      "sourceRotation": 2,
      "burstFreq": 1190,
      "burstQty": 4,
      "sourceCadence": 500.0,
      "spread": 6.28,
      "heading": 3.55,
      "burstFreqRandom": 0.0,
      "burstLength": 0.3,
      "yvelocity": 0.43,
      "position_x": -4992.389,
      "position_y": 3189.9248,
      "position_z": 2249.7273,
      "active": true,
      "linked": true,
      "lifespan": 8750,
      "influenceSize": 315,
      "segradius": 3,
      "lookahead": 10,
      "maxspeed": 5.7,
      "randomspeed": 0.5,
      "coreSize": 0.93,
      "influenceIntensity": 0.1,
      "onGridFriction": 0.917,
      "onGridSteering": 1.0,
      "offGridFriction": 1.001,
      "offGridSteering": 1.0,
      "neverSave": true,
      "behaviourName": "Source_497"
    },
    {
      "sourceName": "Source_471",
      "sourceRotation": 2,
      "burstFreq": 1190,
      "burstQty": 4,
      "sourceCadence": 500.0,
      "spread": 6.28,
      "heading": 3.55,
      "burstFreqRandom": 0.0,
      "burstLength": 0.3,
      "yvelocity": 0.46,
      "position_x": -5513.755,
      "position_y": -75.009224,
      "position_z": 2249.7273,
      "active": false,
      "linked": false,
      "lifespan": 8750,
      "influenceSize": 315,
      "segradius": 2,
      "lookahead": 19,
      "maxspeed": 5.9,
      "randomspeed": 0.5,
      "coreSize": 0.93,
      "influenceIntensity": 0.1,
      "onGridFriction": 0.998,
      "onGridSteering": 1.0,
      "offGridFriction": 1.0,
      "offGridSteering": 0.91,
      "neverSave": true,
      "behaviourName": "Source_471"
    },
    {
      "sourceName": "Source_455",
      "sourceRotation": 2,
      "burstFreq": 1190,
      "burstQty": 4,
      "sourceCadence": 500.0,
      "spread": 6.28,
      "heading": 3.55,
      "burstFreqRandom": 0.0,
      "burstLength": 0.3,
      "yvelocity": 0.43,
      "position_x": -6194.78,
      "position_y": -702.9635,
      "position_z": 2249.7273,
      "active": true,
      "linked": true,
      "lifespan": 8750,
      "influenceSize": 315,
      "segradius": 3,
      "lookahead": 10,
      "maxspeed": 5.7,
      "randomspeed": 0.5,
      "coreSize": 0.93,
      "influenceIntensity": 0.1,
      "onGridFriction": 0.917,
      "onGridSteering": 1.0,
      "offGridFriction": 1.001,
      "offGridSteering": 1.0,
      "neverSave": true,
      "behaviourName": "Source_455"
    },
    {
      "sourceName": "Source_374",
      "sourceRotation": 2,
      "burstFreq": 1190,
      "burstQty": 4,
      "sourceCadence": 500.0,
      "spread": 6.28,
      "heading": 3.55,
      "burstFreqRandom": 0.0,
      "burstLength": 0.3,
      "yvelocity": 0.43,
      "position_x": -1030.5261,
      "position_y": -7875.0566,
      "position_z": 1581.7548,
      "active": true,
      "linked": true,
      "lifespan": 8750,
      "influenceSize": 315,
      "segradius": 3,
      "lookahead": 10,
      "maxspeed": 5.7,
      "randomspeed": 0.5,
      "coreSize": 0.93,
      "influenceIntensity": 0.1,
      "onGridFriction": 0.917,
      "onGridSteering": 1.0,
      "offGridFriction": 1.001,
      "offGridSteering": 1.0,
      "neverSave": true,
      "behaviourName": "Source_374"
    },
    {
      "sourceName": "Source_415",
      "sourceRotation": 2,
      "burstFreq": 1190,
      "burstQty": 4,
      "sourceCadence": 500.0,
      "spread": 6.28,
      "heading": 3.55,
      "burstFreqRandom": 0.0,
      "burstLength": 0.3,
      "yvelocity": 0.46,
      "position_x": 530.37695,
      "position_y": -4618.9556,
      "position_z": 1581.7548,
      "active": true,
      "linked": false,
      "lifespan": 8750,
      "influenceSize": 315,
      "segradius": 2,
      "lookahead": 19,
      "maxspeed": 5.9,
      "randomspeed": 0.5,
      "coreSize": 0.93,
      "influenceIntensity": 0.1,
      "onGridFriction": 0.998,
      "onGridSteering": 1.0,
      "offGridFriction": 1.0,
      "offGridSteering": 0.91,
      "neverSave": true,
      "behaviourName": "Source_415"
    },
    {
      "sourceName": "Source_165",
      "sourceRotation": 2,
      "burstFreq": 1190,
      "burstQty": 4,
      "sourceCadence": 500.0,
      "spread": 6.28,
      "heading": 3.55,
      "burstFreqRandom": 0.0,
      "burstLength": 0.3,
      "yvelocity": 0.43,
      "position_x": -4507.8384,
      "position_y": -5800.877,
      "position_z": 1581.7548,
      "active": true,
      "linked": true,
      "lifespan": 8750,
      "influenceSize": 315,
      "segradius": 3,
      "lookahead": 10,
      "maxspeed": 5.7,
      "randomspeed": 0.5,
      "coreSize": 0.93,
      "influenceIntensity": 0.1,
      "onGridFriction": 0.917,
      "onGridSteering": 1.0,
      "offGridFriction": 1.001,
      "offGridSteering": 1.0,
      "neverSave": true,
      "behaviourName": "Source_165"
    },
    {
      "sourceName": "Source_127",
      "sourceRotation": 2,
      "burstFreq": 1190,
      "burstQty": 4,
      "sourceCadence": 500.0,
      "spread": 6.28,
      "heading": 3.55,
      "burstFreqRandom": 0.0,
      "burstLength": 0.3,
      "yvelocity": 0.46,
      "position_x": -481.1649,
      "position_y": -4901.4,
      "position_z": 1581.7548,
      "active": false,
      "linked": false,
      "lifespan": 8750,
      "influenceSize": 315,
      "segradius": 2,
      "lookahead": 19,
      "maxspeed": 5.9,
      "randomspeed": 0.5,
      "coreSize": 0.93,
      "influenceIntensity": 0.1,
      "onGridFriction": 0.998,
      "onGridSteering": 1.0,
      "offGridFriction": 1.0,
      "offGridSteering": 0.91,
      "neverSave": true,
      "behaviourName": "Source_127"
    },
    {
      "sourceName": "Source_72",
      "sourceRotation": 2,
      "burstFreq": 1190,
      "burstQty": 4,
      "sourceCadence": 500.0,
      "spread": 6.28,
      "heading": 3.55,
      "burstFreqRandom": 0.0,
      "burstLength": 0.3,
      "yvelocity": 0.43,
      "position_x": -4658.5317,
      "position_y": -801.929,
      "position_z": 2249.7273,
      "active": true,
      "linked": false,
      "lifespan": 8750,
      "influenceSize": 315,
      "segradius": 3,
      "lookahead": 10,
      "maxspeed": 5.7,
      "randomspeed": 0.5,
      "coreSize": 0.93,
      "influenceIntensity": 0.1,
      "onGridFriction": 0.917,
      "onGridSteering": 1.0,
      "offGridFriction": 1.001,
      "offGridSteering": 1.0,
      "neverSave": true,
      "behaviourName": "Source_72"
    },
    {
      "sourceName": "Source_274",
      "sourceRotation": 2,
      "burstFreq": 4000,
      "burstQty": 4,
      "sourceCadence": 500.0,
      "spread": 4.12,
      "heading": 1.55,
      "burstFreqRandom": 0.0,
      "burstLength": 1.0,
      "yvelocity": 0.1,
      "position_x": 1889.66,
      "position_y": -3917.63,
      "position_z": 1953.0,
      "active": true,
      "linked": false,
      "lifespan": 9500,
      "influenceSize": 210,
      "segradius": 2,
      "lookahead": 19,
      "maxspeed": 3.8,
      "randomspeed": 0.8,
      "coreSize": 0.81,
      "influenceIntensity": 0.26,
      "onGridFriction": 1.1,
      "onGridSteering": 1.0,
      "offGridFriction": 0.994,
      "offGridSteering": 1.0,
      "neverSave": true,
      "behaviourName": "Source_274"
    },
    {
      "sourceName": "Source_275",
      "sourceRotation": 2,
      "burstFreq": 4000,
      "burstQty": 4,
      "sourceCadence": 500.0,
      "spread": 4.12,
      "heading": 1.55,
      "burstFreqRandom": 0.0,
      "burstLength": 1.0,
      "yvelocity": 0.1,
      "position_x": -3614.99,
      "position_y": -1955.62,
      "position_z": 2619.05,
      "active": true,
      "linked": false,
      "lifespan": 9500,
      "influenceSize": 210,
      "segradius": 2,
      "lookahead": 19,
      "maxspeed": 3.8,
      "randomspeed": 0.8,
      "coreSize": 0.81,
      "influenceIntensity": 0.26,
      "onGridFriction": 1.1,
      "onGridSteering": 1.0,
      "offGridFriction": 0.994,
      "offGridSteering": 1.0,
      "neverSave": true,
      "behaviourName": "Source_275"
    },
    {
      "sourceName": "Source_290",
      "sourceRotation": 2,
      "burstFreq": 3030,
      "burstQty": 17,
      "sourceCadence": 20.0,
      "spread": 6.28,
      "heading": 3.96,
      "burstFreqRandom": 0.0,
      "burstLength": 1.0,
      "yvelocity": 0.0,
      "position_x": -4308.495,
      "position_y": -5202.053,
      "position_z": 1331.7548,
      "active": false,
      "linked": false,
      "lifespan": 8000,
      "influenceSize": 395,
      "segradius": 2,
      "lookahead": 14,
      "maxspeed": 5.65,
      "randomspeed": 0.95,
      "coreSize": 0.1,
      "influenceIntensity": 0.81,
      "onGridFriction": 0.937,
      "onGridSteering": 0.6,
      "offGridFriction": 1.072,
      "offGridSteering": 1.0,
      "neverSave": true,
      "behaviourName": "Source_290"
    }
  ],
  "neverSave": false,
  "behaviourName": "GridRunner"
}