{
  "totalParticles": 2000,
  "nParticles": 1180,
  "lifespan": 4000,
  "burstFreq": 4950,
  "burstFreqRandom" : 0.0,
  "burstQty": 5,
  "sourceRotation": 2,
  "totalActiveSources": 1,
  "influenceSize": 175,
  "maxspeed": 0.95,
  "randomspeed": 0.8,
  "yvelocity": 0.0,
  "gravity": 0.0,
  "burstLength": 1.0,
  "coreSize": 0.26,
  "influenceIntensity": 0.02,
  "gridScale": 1.0,
  "gridWaveX": 0.0,
  "gridWaveZ": 0.0,
  "spread": 6.2831855,
  "heading": 0.0,
  "onGridFriction": 1.0,
  "onGridSteering": 1.0,
  "offGridFriction": 1.0,
  "offGridSteering": 0.97,
  "partScale": 0.7,
  "randomScale": 0.2,
  "sourceCadence": 20.0,
  "debugOpacity": 0.05,
  "vertexOpacity": 0.4,
  "segradius": 2,
  "lookahead": 39,
  "mouseSource": false,
  "sourceStep": false,
  "allSources": false,
  "linkedSources": true,
  "debug": false,
  "displayModel": true,
  "displaySegments": false,
  "displayParticles": true,
  "displayVertices": true,
  "displaySources": true,
  "displayCore": true,
  "modelName": "meander_for_GridRunner.obj",
  "particleSourceVars": [
    {
      "sourceName": "Source_PS",
      "sourceRotation": 2,
      "burstFreq": 470,
      "burstFreqRandom" : 0.0,
      "burstQty": 5,
      "sourceCadence": 20.0,
      "spread": 6.2831855,
      "heading": 0.0,
      "burstLength": 0.9,
      "yvelocity": 0.0,
      "position_x": -5673.0645,
      "position_y": 2009.4005,
      "position_z": 2249.7273,
      "active": true,
      "linked": true,
      "lifespan": 8000,
      "influenceSize": 500,
      "segradius": 2,
      "lookahead": 39,
      "maxspeed": 8.0,
      "randomspeed": 1.0,
      "coreSize": 1.0,
      "influenceIntensity": 0.1,
      "onGridFriction": 1.0,
      "onGridSteering": 1.0,
      "offGridFriction": 1.0,
      "offGridSteering": 0.97,
      "neverSave": true,
      "behaviourName": "Source_PS",
      "influenceActive": true,
      "masterIntensity": 1.0
    },
    {
      "sourceName": "Source_47",
      "sourceRotation": 2,
      "burstFreq": 470,
      "burstFreqRandom" : 0.0,
      "burstQty": 5,
      "sourceCadence": 20.0,
      "spread": 6.2831855,
      "heading": 0.0,
      "burstLength": 0.9,
      "yvelocity": 0.0,
      "position_x": -5870.403,
      "position_y": 1697.7451,
      "position_z": 1749.7274,
      "active": true,
      "linked": true,
      "lifespan": 8000,
      "influenceSize": 500,
      "segradius": 2,
      "lookahead": 39,
      "maxspeed": 8.0,
      "randomspeed": 1.0,
      "coreSize": 1.0,
      "influenceIntensity": 0.1,
      "onGridFriction": 1.0,
      "onGridSteering": 1.0,
      "offGridFriction": 1.0,
      "offGridSteering": 0.97,
      "neverSave": true,
      "behaviourName": "Source_47",
      "influenceActive": true,
      "masterIntensity": 1.0
    },
    {
      "sourceName": "Source_254",
      "sourceRotation": 2,
      "burstFreq": 4950,
      "burstFreqRandom" : 0.0,
      "burstQty": 5,
      "sourceCadence": 20.0,
      "spread": 6.2831855,
      "heading": 0.0,
      "burstLength": 1.0,
      "yvelocity": 0.0,
      "position_x": -3914.1667,
      "position_y": -2082.3901,
      "position_z": 2829.03,
      "active": true,
      "linked": true,
      "lifespan": 4000,
      "influenceSize": 175,
      "segradius": 2,
      "lookahead": 39,
      "maxspeed": 0.95,
      "randomspeed": 0.8,
      "coreSize": 0.26,
      "influenceIntensity": 0.02,
      "onGridFriction": 1.0,
      "onGridSteering": 1.0,
      "offGridFriction": 1.0,
      "offGridSteering": 0.97,
      "neverSave": true,
      "behaviourName": "Source_254",
      "influenceActive": true,
      "masterIntensity": 1.0
    },
    {
      "sourceName": "Source_266",
      "sourceRotation": 2,
      "burstFreq": 4950,
      "burstFreqRandom" : 0.0,
      "burstQty": 5,
      "sourceCadence": 20.0,
      "spread": 6.2831855,
      "heading": 0.0,
      "burstLength": 1.0,
      "yvelocity": 0.0,
      "position_x": -3499.967,
      "position_y": -1956.5024,
      "position_z": 2236.6458,
      "active": true,
      "linked": true,
      "lifespan": 4000,
      "influenceSize": 175,
      "segradius": 2,
      "lookahead": 39,
      "maxspeed": 0.95,
      "randomspeed": 0.8,
      "coreSize": 0.26,
      "influenceIntensity": 0.02,
      "onGridFriction": 1.0,
      "onGridSteering": 1.0,
      "offGridFriction": 1.0,
      "offGridSteering": 0.97,
      "neverSave": true,
      "behaviourName": "Source_266",
      "influenceActive": true,
      "masterIntensity": 1.0
    },
    {
      "sourceName": "Source_284",
      "sourceRotation": 2,
      "burstFreq": 4950,
      "burstFreqRandom" : 0.0,
      "burstQty": 5,
      "sourceCadence": 20.0,
      "spread": 6.2831855,
      "heading": 0.0,
      "burstLength": 1.0,
      "yvelocity": 0.0,
      "position_x": 1754.3806,
      "position_y": -3905.9658,
      "position_z": 2315.2637,
      "active": true,
      "linked": true,
      "lifespan": 4000,
      "influenceSize": 175,
      "segradius": 2,
      "lookahead": 39,
      "maxspeed": 0.95,
      "randomspeed": 0.8,
      "coreSize": 0.26,
      "influenceIntensity": 0.02,
      "onGridFriction": 1.0,
      "onGridSteering": 1.0,
      "offGridFriction": 1.0,
      "offGridSteering": 0.97,
      "neverSave": true,
      "behaviourName": "Source_284",
      "influenceActive": true,
      "masterIntensity": 1.0
    },
    {
      "sourceName": "Source_278",
      "sourceRotation": 2,
      "burstFreq": 4950,
      "burstFreqRandom" : 0.0,
      "burstQty": 5,
      "sourceCadence": 20.0,
      "spread": 6.2831855,
      "heading": 0.0,
      "burstLength": 1.0,
      "yvelocity": 0.0,
      "position_x": 2018.0623,
      "position_y": -3572.1604,
      "position_z": 1835.3762,
      "active": true,
      "linked": true,
      "lifespan": 4000,
      "influenceSize": 175,
      "segradius": 2,
      "lookahead": 39,
      "maxspeed": 0.95,
      "randomspeed": 0.8,
      "coreSize": 0.26,
      "influenceIntensity": 0.02,
      "onGridFriction": 1.0,
      "onGridSteering": 1.0,
      "offGridFriction": 1.0,
      "offGridSteering": 0.97,
      "neverSave": true,
      "behaviourName": "Source_278",
      "influenceActive": true,
      "masterIntensity": 1.0
    }
  ],
  "neverSave": false,
  "behaviourName": "GridRunner",
  "influenceActive": true,
  "masterIntensity": 1.0
}