{
  "totalParticles": 2000,
  "nParticles": 1180,
  "lifespan": 8000,
  "burstFreq": 4030,
  "burstQty": 1,
  "sourceRotation": 2,
  "totalActiveSources": 0,
  "influenceSize": 365,
  "maxspeed": 6.6,
  "randomspeed": 1.0,
  "yvelocity": 0.09,
  "gravity": 0.0,
  "burstFreqRandom": 0.0,
  "burstLength": 0.1,
  "coreSize": 0.25,
  "influenceIntensity": 0.01,
  "gridScale": 1.0,
  "gridWaveX": 0.0,
  "gridWaveZ": 0.0,
  "spread": 1.66,
  "heading": 1.05,
  "onGridFriction": 1.0,
  "onGridSteering": 0.73,
  "offGridFriction": 1.0,
  "offGridSteering": 0.75,
  "partScale": 0.6,
  "randomScale": 0.2,
  "sourceCadence": 20.0,
  "debugOpacity": 0.15,
  "vertexOpacity": 1.0,
  "segradius": 2,
  "lookahead": 28,
  "mouseSource": false,
  "sourceStep": false,
  "allSources": false,
  "linkedSources": true,
  "debug": false,
  "displayModel": true,
  "displaySegments": false,
  "displayParticles": true,
  "displayVertices": false,
  "displaySources": true,
  "displayCore": true,
  "modelName": "meander_for_GridRunner.obj",
  "particleSourceVars": [
    {
      "sourceName": "Source_PS",
      "sourceRotation": 2,
      "burstFreq": 4030,
      "burstQty": 1,
      "sourceCadence": 20.0,
      "spread": 1.66,
      "heading": 1.05,
      "burstFreqRandom": 0.0,
      "burstLength": 0.1,
      "yvelocity": 0.09,
      "position_x": 2168.5803,
      "position_y": -3780.0781,
      "position_z": 1722.8795,
      "active": true,
      "linked": true,
      "lifespan": 8000,
      "influenceSize": 365,
      "segradius": 2,
      "lookahead": 28,
      "maxspeed": 6.6,
      "randomspeed": 1.0,
      "coreSize": 0.25,
      "influenceIntensity": 0.01,
      "onGridFriction": 1.0,
      "onGridSteering": 0.73,
      "offGridFriction": 1.0,
      "offGridSteering": 0.75,
      "neverSave": true,
      "behaviourName": "Source_PS",
      "influenceActive": true,
      "masterIntensity": 1.0
    }
  ],
  "neverSave": false,
  "behaviourName": "GridRunner",
  "influenceActive": true,
  "masterIntensity": 1.0
}