{
  "totalParticles": 2000,
  "nParticles": 1005,
  "lifespan": 8750,
  "linked": true,
"burstFreq": 4000,
  "burstFreqRandom" : 0.0,
  "burstQty": 130,
  "sourceRotation": 2,
  "totalActiveSources": 6,
  "influenceSize": 315,
  "maxspeed": 5.9,
  "randomspeed": 0.5,
  "yvelocity": 0.46,
  "gravity": 0.0,
  "burstLength": 0.3,
  "coreSize": 0.65,
  "influenceIntensity": 0.22,
  "gridScale": 1.0,
  "gridWaveX": 0.0,
  "gridWaveZ": 0.0,
  "spread": 6.28,
  "heading": 3.55,
  "onGridFriction": 0.998,
  "onGridSteering": 1.0,
  "offGridFriction": 1.0,
  "offGridSteering": 0.91,
  "partScale": 2.2,
  "randomScale": 0.0,
  "sourceCadence": 500.0,
  "debugOpacity": 0.16,
  "vertexOpacity": 1.0,
  "segradius": 2,
  "lookahead": 19,
  "mouseSource": false,
  "sourceStep": false,
  "allSources": true,
  "debug": false,
  "displayModel": false,
  "displaySegments": false,
  "displayParticles": false,
  "displayVertices": false,
  "displaySources": true,
  "displayCore": false,
  "modelName": "meander_for_GridRunner.obj",
  "particleSourceVars": [
    {
      "sourceName": "Source_91",
      "sourceRotation": 2,
      "linked": true,
"burstFreq": 4000,
      "burstFreqRandom" : 0.0,
      "burstQty": 130,
      "sourceCadence": 500.0,
      "spread": 6.28,
      "heading": 3.55,
      "burstLength": 0.3,
      "yvelocity": 0.46,
      "position_x": -1984.5231,
      "position_y": -6129.4697,
      "position_z": 1994.3696,
      "active": true,
      "sourcePatchable": {
        "dataPorts": [
          {
            "inport": true,
            "param": "active",
            "val": "false",
            "min": 0.0,
            "max": 0.0,
            "trigger": 0.5,
            "newDataPrecision": 1.0E-5
          },
          {
            "inport": true,
            "param": "burstQty",
            "val": "130",
            "min": 1.0,
            "max": 250.0,
            "trigger": 0.0,
            "newDataPrecision": 1.0E-5
          },
          {
            "inport": true,
            "param": "burstFreq",
            "val": "4000",
            "min": 10.0,
            "max": 5000.0,
            "trigger": 0.0,
            "newDataPrecision": 1.0E-5
          },
          {
            "inport": true,
            "param": "burstLength",
            "val": "0.3",
            "min": 0.1,
            "max": 1.0,
            "trigger": 0.0,
            "newDataPrecision": 1.0E-5
          }
        ],
        "realName": "Source_91",
        "behaviour": "GridRunner",
        "displayName": "Source_91",
        "screenX": 0,
        "screenY": 0,
        "screenW": 0,
        "screenH": 0,
        "hidden": false,
        "killMe": false
      },
      "neverSave": true,
      "behaviourName": "Source_91",
      "influenceActive": true,
      "masterIntensity": 1.0
    },
    {
      "sourceName": "Source_33",
      "sourceRotation": 2,
      "linked": true,
"burstFreq": 4000,
      "burstFreqRandom" : 0.0,
      "burstQty": 130,
      "sourceCadence": 500.0,
      "spread": 6.28,
      "heading": 3.55,
      "burstLength": 0.3,
      "yvelocity": 0.46,
      "position_x": -4632.052,
      "position_y": -5662.562,
      "position_z": 2004.6877,
      "active": true,
      "sourcePatchable": {
        "dataPorts": [
          {
            "inport": true,
            "param": "active",
            "val": "false",
            "min": 0.0,
            "max": 0.0,
            "trigger": 0.5,
            "newDataPrecision": 1.0E-5
          },
          {
            "inport": true,
            "param": "burstQty",
            "val": "130",
            "min": 1.0,
            "max": 250.0,
            "trigger": 0.0,
            "newDataPrecision": 1.0E-5
          },
          {
            "inport": true,
            "param": "burstFreq",
            "val": "4000",
            "min": 10.0,
            "max": 5000.0,
            "trigger": 0.0,
            "newDataPrecision": 1.0E-5
          },
          {
            "inport": true,
            "param": "burstLength",
            "val": "0.3",
            "min": 0.1,
            "max": 1.0,
            "trigger": 0.0,
            "newDataPrecision": 1.0E-5
          }
        ],
        "realName": "Source_33",
        "behaviour": "GridRunner",
        "displayName": "Source_33",
        "screenX": 0,
        "screenY": 0,
        "screenW": 0,
        "screenH": 0,
        "hidden": false,
        "killMe": false
      },
      "neverSave": true,
      "behaviourName": "Source_33",
      "influenceActive": true,
      "masterIntensity": 1.0
    },
    {
      "sourceName": "Source_106",
      "sourceRotation": 2,
      "linked": true,
"burstFreq": 4000,
      "burstFreqRandom" : 0.0,
      "burstQty": 130,
      "sourceCadence": 500.0,
      "spread": 6.28,
      "heading": 3.55,
      "burstLength": 0.3,
      "yvelocity": 0.46,
      "position_x": -697.6615,
      "position_y": -7426.095,
      "position_z": 2071.5403,
      "active": true,
      "sourcePatchable": {
        "dataPorts": [
          {
            "inport": true,
            "param": "active",
            "val": "false",
            "min": 0.0,
            "max": 0.0,
            "trigger": 0.5,
            "newDataPrecision": 1.0E-5
          },
          {
            "inport": true,
            "param": "burstQty",
            "val": "130",
            "min": 1.0,
            "max": 250.0,
            "trigger": 0.0,
            "newDataPrecision": 1.0E-5
          },
          {
            "inport": true,
            "param": "burstFreq",
            "val": "4000",
            "min": 10.0,
            "max": 5000.0,
            "trigger": 0.0,
            "newDataPrecision": 1.0E-5
          },
          {
            "inport": true,
            "param": "burstLength",
            "val": "0.3",
            "min": 0.1,
            "max": 1.0,
            "trigger": 0.0,
            "newDataPrecision": 1.0E-5
          }
        ],
        "realName": "Source_106",
        "behaviour": "GridRunner",
        "displayName": "Source_106",
        "screenX": 0,
        "screenY": 0,
        "screenW": 0,
        "screenH": 0,
        "hidden": false,
        "killMe": false
      },
      "neverSave": true,
      "behaviourName": "Source_106",
      "influenceActive": true,
      "masterIntensity": 1.0
    },
    {
      "sourceName": "Source_143",
      "sourceRotation": 2,
      "linked": true,
"burstFreq": 4000,
      "burstFreqRandom" : 0.0,
      "burstQty": 130,
      "sourceCadence": 500.0,
      "spread": 6.28,
      "heading": 3.55,
      "burstLength": 0.3,
      "yvelocity": 0.46,
      "position_x": 491.4662,
      "position_y": -4897.823,
      "position_z": 1999.2399,
      "active": true,
      "sourcePatchable": {
        "dataPorts": [
          {
            "inport": true,
            "param": "active",
            "val": "false",
            "min": 0.0,
            "max": 0.0,
            "trigger": 0.5,
            "newDataPrecision": 1.0E-5
          },
          {
            "inport": true,
            "param": "burstQty",
            "val": "130",
            "min": 1.0,
            "max": 250.0,
            "trigger": 0.0,
            "newDataPrecision": 1.0E-5
          },
          {
            "inport": true,
            "param": "burstFreq",
            "val": "4000",
            "min": 10.0,
            "max": 5000.0,
            "trigger": 0.0,
            "newDataPrecision": 1.0E-5
          },
          {
            "inport": true,
            "param": "burstLength",
            "val": "0.3",
            "min": 0.1,
            "max": 1.0,
            "trigger": 0.0,
            "newDataPrecision": 1.0E-5
          }
        ],
        "realName": "Source_143",
        "behaviour": "GridRunner",
        "displayName": "Source_143",
        "screenX": 0,
        "screenY": 0,
        "screenW": 0,
        "screenH": 0,
        "hidden": false,
        "killMe": false
      },
      "neverSave": true,
      "behaviourName": "Source_143",
      "influenceActive": true,
      "masterIntensity": 1.0
    },
    {
      "sourceName": "Source_278",
      "sourceRotation": 2,
      "linked": true,
"burstFreq": 4000,
      "burstFreqRandom" : 0.0,
      "burstQty": 130,
      "sourceCadence": 500.0,
      "spread": 6.28,
      "heading": 3.55,
      "burstLength": 0.3,
      "yvelocity": 0.46,
      "position_x": 1277.3757,
      "position_y": -3781.7522,
      "position_z": 2494.1282,
      "active": true,
      "sourcePatchable": {
        "dataPorts": [
          {
            "inport": true,
            "param": "active",
            "val": "false",
            "min": 0.0,
            "max": 0.0,
            "trigger": 0.5,
            "newDataPrecision": 1.0E-5
          },
          {
            "inport": true,
            "param": "burstQty",
            "val": "130",
            "min": 1.0,
            "max": 250.0,
            "trigger": 0.0,
            "newDataPrecision": 1.0E-5
          },
          {
            "inport": true,
            "param": "burstFreq",
            "val": "4000",
            "min": 10.0,
            "max": 5000.0,
            "trigger": 0.0,
            "newDataPrecision": 1.0E-5
          },
          {
            "inport": true,
            "param": "burstLength",
            "val": "0.3",
            "min": 0.1,
            "max": 1.0,
            "trigger": 0.0,
            "newDataPrecision": 1.0E-5
          }
        ],
        "realName": "Source_278",
        "behaviour": "GridRunner",
        "displayName": "Source_278",
        "screenX": 0,
        "screenY": 0,
        "screenW": 0,
        "screenH": 0,
        "hidden": false,
        "killMe": false
      },
      "neverSave": true,
      "behaviourName": "Source_278",
      "influenceActive": true,
      "masterIntensity": 1.0
    },
    {
      "sourceName": "Source_PS",
      "sourceRotation": 2,
      "linked": true,
"burstFreq": 4000,
      "burstFreqRandom" : 0.0,
      "burstQty": 130,
      "sourceCadence": 500.0,
      "spread": 6.28,
      "heading": 3.55,
      "burstLength": 0.3,
      "yvelocity": 0.46,
      "position_x": -6042.3506,
      "position_y": 1198.61,
      "position_z": 2249.7273,
      "active": true,
      "sourcePatchable": {
        "dataPorts": [],
        "realName": "Source_PS",
        "behaviour": "",
        "displayName": "Source_PS",
        "screenX": 0,
        "screenY": 0,
        "screenW": 0,
        "screenH": 0,
        "hidden": false,
        "killMe": false
      },
      "neverSave": true,
      "behaviourName": "Source_PS",
      "influenceActive": true,
      "masterIntensity": 1.0
    },
    {
      "sourceName": "Source_159",
      "sourceRotation": 2,
      "linked": true,
"burstFreq": 4000,
      "burstFreqRandom" : 0.0,
      "burstQty": 130,
      "sourceCadence": 500.0,
      "spread": 6.28,
      "heading": 3.55,
      "burstLength": 0.3,
      "yvelocity": 0.46,
      "position_x": -4311.557,
      "position_y": -7002.255,
      "position_z": 1081.7548,
      "active": true,
      "sourcePatchable": {
        "dataPorts": [
          {
            "inport": true,
            "param": "active",
            "val": "false",
            "min": 0.0,
            "max": 0.0,
            "trigger": 0.5,
            "newDataPrecision": 1.0E-5
          },
          {
            "inport": true,
            "param": "burstQty",
            "val": "130",
            "min": 1.0,
            "max": 250.0,
            "trigger": 0.0,
            "newDataPrecision": 1.0E-5
          },
          {
            "inport": true,
            "param": "burstFreq",
            "val": "4000",
            "min": 10.0,
            "max": 5000.0,
            "trigger": 0.0,
            "newDataPrecision": 1.0E-5
          },
          {
            "inport": true,
            "param": "burstLength",
            "val": "0.3",
            "min": 0.1,
            "max": 1.0,
            "trigger": 0.0,
            "newDataPrecision": 1.0E-5
          }
        ],
        "realName": "Source_159",
        "behaviour": "GridRunner",
        "displayName": "Source_159",
        "screenX": 0,
        "screenY": 0,
        "screenW": 0,
        "screenH": 0,
        "hidden": false,
        "killMe": false
      },
      "neverSave": true,
      "behaviourName": "Source_159",
      "influenceActive": true,
      "masterIntensity": 1.0
    }
  ],
  "neverSave": false,
  "behaviourName": "GridRunner",
  "influenceActive": true,
  "masterIntensity": 1.0
}