{
  "totalParticles": 2000,
  "nParticles": 635,
  "lifespan": 9500,
  "linked": true,
"burstFreq": 4000,
  "burstFreqRandom" : 0.0,
  "burstQty": 4,
  "sourceRotation": 2,
  "totalActiveSources": 3,
  "influenceSize": 210,
  "maxspeed": 3.8,
  "randomspeed": 0.8,
  "yvelocity": 0.1,
  "gravity": 0.0,
  "burstLength": 1.0,
  "coreSize": 0.9,
  "influenceIntensity": 0.26,
  "gridScale": 1.0,
  "gridWaveX": 0.0,
  "gridWaveZ": 0.0,
  "spread": 4.12,
  "heading": 1.55,
  "onGridFriction": 1.1,
  "onGridSteering": 1.0,
  "offGridFriction": 0.994,
  "offGridSteering": 1.0,
  "partScale": 0.6,
  "randomScale": 0.0,
  "sourceCadence": 500.0,
  "debugOpacity": 0.07,
  "vertexOpacity": 0.28,
  "segradius": 2,
  "lookahead": 19,
  "mouseSource": false,
  "sourceStep": false,
  "allSources": true,
  "debug": false,
  "displayModel": false,
  "displaySegments": false,
  "displayParticles": true,
  "displayVertices": false,
  "displaySources": true,
  "displayCore": true,
  "modelName": "meander_for_GridRunner.obj",
  "particleSourceVars": [
    {
      "sourceName": "Source_278",
      "sourceRotation": 2,
      "linked": true,
"burstFreq": 4000,
      "burstFreqRandom" : 0.0,
      "burstQty": 4,
      "sourceCadence": 500.0,
      "spread": 4.12,
      "heading": 1.55,
      "burstLength": 1.0,
      "yvelocity": 0.1,
      "position_x": 1277.3757,
      "position_y": -3781.7522,
      "position_z": 2494.1282,
      "active": true,
      "sourcePatchable": {
        "dataPorts": [
          {
            "inport": true,
            "param": "active",
            "val": "false",
            "min": 0.0,
            "max": 0.0,
            "trigger": 0.5,
            "newDataPrecision": 1.0E-5
          },
          {
            "inport": true,
            "param": "burstQty",
            "val": "4",
            "min": 1.0,
            "max": 250.0,
            "trigger": 0.0,
            "newDataPrecision": 1.0E-5
          },
          {
            "inport": true,
            "param": "burstFreq",
            "val": "4000",
            "min": 10.0,
            "max": 5000.0,
            "trigger": 0.0,
            "newDataPrecision": 1.0E-5
          },
          {
            "inport": true,
            "param": "burstLength",
            "val": "1.0",
            "min": 0.1,
            "max": 1.0,
            "trigger": 0.0,
            "newDataPrecision": 1.0E-5
          }
        ],
        "realName": "Source_278",
        "behaviour": "GridRunner",
        "displayName": "Source_278",
        "screenX": 0,
        "screenY": 0,
        "screenW": 0,
        "screenH": 0,
        "hidden": false,
        "killMe": false
      },
      "neverSave": true,
      "behaviourName": "Source_278",
      "influenceActive": true,
      "masterIntensity": 1.0
    },
    {
      "sourceName": "Source_PS",
      "sourceRotation": 2,
      "linked": true,
"burstFreq": 4000,
      "burstFreqRandom" : 0.0,
      "burstQty": 4,
      "sourceCadence": 500.0,
      "spread": 4.12,
      "heading": 1.55,
      "burstLength": 1.0,
      "yvelocity": 0.1,
      "position_x": -6042.3506,
      "position_y": 1198.61,
      "position_z": 2249.7273,
      "active": true,
      "sourcePatchable": {
        "dataPorts": [],
        "realName": "Source_PS",
        "behaviour": "",
        "displayName": "Source_PS",
        "screenX": 0,
        "screenY": 0,
        "screenW": 0,
        "screenH": 0,
        "hidden": false,
        "killMe": false
      },
      "neverSave": true,
      "behaviourName": "Source_PS",
      "influenceActive": true,
      "masterIntensity": 1.0
    },
    {
      "sourceName": "Source_274",
      "sourceRotation": 2,
      "linked": true,
"burstFreq": 4000,
      "burstFreqRandom" : 0.0,
      "burstQty": 4,
      "sourceCadence": 500.0,
      "spread": 4.12,
      "heading": 1.55,
      "burstLength": 1.0,
      "yvelocity": 0.1,
      "position_x": -1712.5011,
      "position_y": -6102.053,
      "position_z": 1081.7548,
      "active": true,
      "sourcePatchable": {
        "dataPorts": [
          {
            "inport": true,
            "param": "active",
            "val": "false",
            "min": 0.0,
            "max": 0.0,
            "trigger": 0.5,
            "newDataPrecision": 1.0E-5
          },
          {
            "inport": true,
            "param": "burstQty",
            "val": "4",
            "min": 1.0,
            "max": 250.0,
            "trigger": 0.0,
            "newDataPrecision": 1.0E-5
          },
          {
            "inport": true,
            "param": "burstFreq",
            "val": "4000",
            "min": 10.0,
            "max": 5000.0,
            "trigger": 0.0,
            "newDataPrecision": 1.0E-5
          },
          {
            "inport": true,
            "param": "burstLength",
            "val": "1.0",
            "min": 0.1,
            "max": 1.0,
            "trigger": 0.0,
            "newDataPrecision": 1.0E-5
          }
        ],
        "realName": "Source_274",
        "behaviour": "GridRunner",
        "displayName": "Source_274",
        "screenX": 0,
        "screenY": 0,
        "screenW": 0,
        "screenH": 0,
        "hidden": false,
        "killMe": false
      },
      "neverSave": true,
      "behaviourName": "Source_274",
      "influenceActive": true,
      "masterIntensity": 1.0
    },
    {
      "sourceName": "Source_251",
      "sourceRotation": 2,
      "linked": true,
"burstFreq": 4000,
      "burstFreqRandom" : 0.0,
      "burstQty": 4,
      "sourceCadence": 500.0,
      "spread": 4.12,
      "heading": 1.55,
      "burstLength": 1.0,
      "yvelocity": 0.1,
      "position_x": -2021.2771,
      "position_y": 3029.1606,
      "position_z": 2031.8091,
      "active": true,
      "sourcePatchable": {
        "dataPorts": [
          {
            "inport": true,
            "param": "active",
            "val": "false",
            "min": 0.0,
            "max": 0.0,
            "trigger": 0.5,
            "newDataPrecision": 1.0E-5
          },
          {
            "inport": true,
            "param": "burstQty",
            "val": "4",
            "min": 1.0,
            "max": 250.0,
            "trigger": 0.0,
            "newDataPrecision": 1.0E-5
          },
          {
            "inport": true,
            "param": "burstFreq",
            "val": "4000",
            "min": 10.0,
            "max": 5000.0,
            "trigger": 0.0,
            "newDataPrecision": 1.0E-5
          },
          {
            "inport": true,
            "param": "burstLength",
            "val": "1.0",
            "min": 0.1,
            "max": 1.0,
            "trigger": 0.0,
            "newDataPrecision": 1.0E-5
          }
        ],
        "realName": "Source_251",
        "behaviour": "GridRunner",
        "displayName": "Source_251",
        "screenX": 0,
        "screenY": 0,
        "screenW": 0,
        "screenH": 0,
        "hidden": false,
        "killMe": false
      },
      "neverSave": true,
      "behaviourName": "Source_251",
      "influenceActive": true,
      "masterIntensity": 1.0
    }
  ],
  "neverSave": false,
  "behaviourName": "GridRunner",
  "influenceActive": true,
  "masterIntensity": 1.0
}