{
  "totalParticles": 2000,
  "nParticles": 420,
  "lifespan": 7750,
  "linked": true,
"burstFreq": 4000,
  "burstFreqRandom" : 0.0,
  "burstQty": 19,
  "sourceRotation": 2,
  "totalActiveSources": 11,
  "influenceSize": 860,
  "maxspeed": 1.45,
  "randomspeed": 0.6,
  "yvelocity": 0.8,
  "gravity": 0.0,
  "burstLength": 1.0,
  "coreSize": 1.0,
  "gridScale": 1.0,
  "gridWaveX": 0.0,
  "gridWaveZ": 0.0,
  "spread": 6.28,
  "heading": 5.95,
  "onGridFriction": 0.998,
  "onGridSteering": 0.11,
  "offGridFriction": 1.0,
  "offGridSteering": 0.05,
  "partScale": 2.5,
  "randomScale": 0.99,
  "sourceCadence": 500.0,
  "debugOpacity": 0.16,
  "vertexOpacity": 1.0,
  "segradius": 1,
  "lookahead": 75,
  "mouseSource": true,
  "sourceStep": false,
  "allSources": true,
  "debug": false,
  "displayModel": false,
  "displaySegments": false,
  "displayParticles": true,
  "displayVertices": true,
  "displaySources": true,
  "influenceActive": true,
  "displayCore": false,
  "modelName": "meander_for_GridRunner.obj",
  "particleSourceVars": [
    {
     "active": true, 
     "sourceName": "Source_91",
      "sourceRotation": 2,
      "linked": true,
"burstFreq": 4000,
      "burstFreqRandom" : 0.0,
      "burstQty": 19,
      "sourceCadence": 500.0,
      "spread": 6.28,
      "heading": 5.95,
      "burstLength": 1.0,
      "yvelocity": 0.8,
      "position_x": -1984.5231,
      "position_y": -6129.4697,
      "position_z": 1994.3696
    },
    {
     "active": true, 
     "sourceName": "Source_33",
      "sourceRotation": 2,
      "linked": true,
"burstFreq": 4000,
      "burstFreqRandom" : 0.0,
      "burstQty": 19,
      "sourceCadence": 500.0,
      "spread": 6.28,
      "heading": 5.95,
      "burstLength": 1.0,
      "yvelocity": 0.8,
      "position_x": -4632.052,
      "position_y": -5662.562,
      "position_z": 2004.6877
    },
    {
     "active": true, 
     "sourceName": "Source_106",
      "sourceRotation": 2,
      "linked": true,
"burstFreq": 4000,
      "burstFreqRandom" : 0.0,
      "burstQty": 19,
      "sourceCadence": 500.0,
      "spread": 6.28,
      "heading": 5.95,
      "burstLength": 1.0,
      "yvelocity": 0.8,
      "position_x": -697.6615,
      "position_y": -7426.095,
      "position_z": 2071.5403
    },
    {
     "active": true, 
     "sourceName": "Source_143",
      "sourceRotation": 2,
      "linked": true,
"burstFreq": 4000,
      "burstFreqRandom" : 0.0,
      "burstQty": 19,
      "sourceCadence": 500.0,
      "spread": 6.28,
      "heading": 5.95,
      "burstLength": 1.0,
      "yvelocity": 0.8,
      "position_x": 491.4662,
      "position_y": -4897.823,
      "position_z": 1999.2399
    },
    {
     "active": true, 
     "sourceName": "Source_278",
      "sourceRotation": 2,
      "linked": true,
"burstFreq": 4000,
      "burstFreqRandom" : 0.0,
      "burstQty": 19,
      "sourceCadence": 500.0,
      "spread": 6.28,
      "heading": 5.95,
      "burstLength": 1.0,
      "yvelocity": 0.8,
      "position_x": 1277.3757,
      "position_y": -3781.7522,
      "position_z": 2494.1282
    },
    {
     "active": true, 
     "sourceName": "Source_268",
      "sourceRotation": 2,
      "linked": true,
"burstFreq": 4000,
      "burstFreqRandom" : 0.0,
      "burstQty": 19,
      "sourceCadence": 500.0,
      "spread": 6.28,
      "heading": 5.95,
      "burstLength": 1.0,
      "yvelocity": 0.8,
      "position_x": -3327.112,
      "position_y": -1939.7997,
      "position_z": 2700.488
    },
    {
     "active": true, 
     "sourceName": "Source_143",
      "sourceRotation": 2,
      "linked": true,
"burstFreq": 4000,
      "burstFreqRandom" : 0.0,
      "burstQty": 19,
      "sourceCadence": 500.0,
      "spread": 6.28,
      "heading": 5.95,
      "burstLength": 1.0,
      "yvelocity": 0.8,
      "position_x": 491.4662,
      "position_y": -4897.823,
      "position_z": 1999.2399
    },
    {
     "active": true, 
     "sourceName": "Source_149",
      "sourceRotation": 2,
      "linked": true,
"burstFreq": 4000,
      "burstFreqRandom" : 0.0,
      "burstQty": 19,
      "sourceCadence": 500.0,
      "spread": 6.28,
      "heading": 5.95,
      "burstLength": 1.0,
      "yvelocity": 0.8,
      "position_x": 932.57153,
      "position_y": -5662.5625,
      "position_z": 1939.0895
    },
    {
     "active": true, 
     "sourceName": "Source_113",
      "sourceRotation": 2,
      "linked": true,
"burstFreq": 4000,
      "burstFreqRandom" : 0.0,
      "burstQty": 19,
      "sourceCadence": 500.0,
      "spread": 6.28,
      "heading": 5.95,
      "burstLength": 1.0,
      "yvelocity": 0.8,
      "position_x": -832.447,
      "position_y": -5662.5625,
      "position_z": 1991.2462
    },
    {
     "active": true, 
     "sourceName": "Source_116",
      "sourceRotation": 2,
      "linked": true,
"burstFreq": 4000,
      "burstFreqRandom" : 0.0,
      "burstQty": 19,
      "sourceCadence": 500.0,
      "spread": 6.28,
      "heading": 5.95,
      "burstLength": 1.0,
      "yvelocity": 0.8,
      "position_x": -795.3957,
      "position_y": -6661.3594,
      "position_z": 1976.8188
    },
    {
     "active": true, 
     "sourceName": "Source_80",
      "sourceRotation": 2,
      "linked": true,
"burstFreq": 4000,
      "burstFreqRandom" : 0.0,
      "burstQty": 19,
      "sourceCadence": 500.0,
      "spread": 6.28,
      "heading": 5.95,
      "burstLength": 1.0,
      "yvelocity": 0.8,
      "position_x": -2560.4133,
      "position_y": -6661.3594,
      "position_z": 2018.2825
    },
    {
     "active": true, 
     "sourceName": "Source_41",
      "sourceRotation": 2,
      "linked": true,
"burstFreq": 4000,
      "burstFreqRandom" : 0.0,
      "burstQty": 19,
      "sourceCadence": 500.0,
      "spread": 6.28,
      "heading": 5.95,
      "burstLength": 1.0,
      "yvelocity": 0.8,
      "position_x": -3921.0806,
      "position_y": -6427.906,
      "position_z": 2017.9501
    },
    {
     "active": true, 
     "sourceName": "Source_42",
      "sourceRotation": 2,
      "linked": true,
"burstFreq": 4000,
      "burstFreqRandom" : 0.0,
      "burstQty": 19,
      "sourceCadence": 500.0,
      "spread": 6.28,
      "heading": 5.95,
      "burstLength": 1.0,
      "yvelocity": 0.8,
      "position_x": -3921.0806,
      "position_y": -5364.7285,
      "position_z": 2003.1346
    },
    {
     "active": true, 
     "sourceName": "Source_8",
      "sourceRotation": 2,
      "linked": true,
"burstFreq": 4000,
      "burstFreqRandom" : 0.0,
      "burstQty": 19,
      "sourceCadence": 500.0,
      "spread": 6.28,
      "heading": 5.95,
      "burstLength": 1.0,
      "yvelocity": 0.8,
      "position_x": -5955.669,
      "position_y": -4897.8237,
      "position_z": 2049.8225
    },
    {
     "active": true, 
     "sourceName": "Source_322",
      "sourceRotation": 2,
      "linked": true,
"burstFreq": 4000,
      "burstFreqRandom" : 0.0,
      "burstQty": 19,
      "sourceCadence": 500.0,
      "spread": 6.28,
      "heading": 5.95,
      "burstLength": 1.0,
      "yvelocity": 0.8,
      "position_x": -2798.248,
      "position_y": -2788.2556,
      "position_z": 2594.088
    },
    {
     "active": true, 
     "sourceName": "Source_269",
      "sourceRotation": 2,
      "linked": true,
"burstFreq": 4000,
      "burstFreqRandom" : 0.0,
      "burstQty": 19,
      "sourceCadence": 500.0,
      "spread": 6.28,
      "heading": 5.95,
      "burstLength": 1.0,
      "yvelocity": 0.8,
      "position_x": -3494.8884,
      "position_y": -2058.4639,
      "position_z": 2773.512
    },
    {
     "active": true, 
     "sourceName": "Source_275",
      "sourceRotation": 2,
      "linked": true,
"burstFreq": 4000,
      "burstFreqRandom" : 0.0,
      "burstQty": 19,
      "sourceCadence": 500.0,
      "spread": 6.28,
      "heading": 5.95,
      "burstLength": 1.0,
      "yvelocity": 0.8,
      "position_x": 1604.9757,
      "position_y": -3582.1685,
      "position_z": 2467.864
    },
    {
     "active": true, 
     "sourceName": "Source_299",
      "sourceRotation": 2,
      "linked": true,
"burstFreq": 4000,
      "burstFreqRandom" : 0.0,
      "burstQty": 19,
      "sourceCadence": 500.0,
      "spread": 6.28,
      "heading": 5.95,
      "burstLength": 1.0,
      "yvelocity": 0.8,
      "position_x": 1869.4076,
      "position_y": -4263.9683,
      "position_z": 1912.232
    },
    {
     "active": true, 
     "sourceName": "Source_322",
      "sourceRotation": 2,
      "linked": true,
"burstFreq": 4000,
      "burstFreqRandom" : 0.0,
      "burstQty": 19,
      "sourceCadence": 500.0,
      "spread": 6.28,
      "heading": 5.95,
      "burstLength": 1.0,
      "yvelocity": 0.8,
      "position_x": -2798.248,
      "position_y": -2788.2556,
      "position_z": 2594.088
    },
    {
     "active": true, 
     "sourceName": "Source_269",
      "sourceRotation": 2,
      "linked": true,
"burstFreq": 4000,
      "burstFreqRandom" : 0.0,
      "burstQty": 19,
      "sourceCadence": 500.0,
      "spread": 6.28,
      "heading": 5.95,
      "burstLength": 1.0,
      "yvelocity": 0.8,
      "position_x": -3494.8884,
      "position_y": -2058.4639,
      "position_z": 2773.512
    },
    {
     "active": true, 
     "sourceName": "Source_263",
      "sourceRotation": 2,
      "linked": true,
"burstFreq": 4000,
      "burstFreqRandom" : 0.0,
      "burstQty": 19,
      "sourceCadence": 500.0,
      "spread": 6.28,
      "heading": 5.95,
      "burstLength": 1.0,
      "yvelocity": 0.8,
      "position_x": -3474.6165,
      "position_y": -2778.3438,
      "position_z": 2853.872
    },
    {
     "active": true, 
     "sourceName": "Source_PS",
      "sourceRotation": 2,
      "linked": true,
"burstFreq": 4000,
      "burstFreqRandom" : 0.0,
      "burstQty": 19,
      "sourceCadence": 500.0,
      "spread": 6.28,
      "heading": 5.95,
      "burstLength": 1.0,
      "yvelocity": 0.8,
      "position_x": 491.466,
      "position_y": -6894.811,
      "position_z": 1957.0094
    },
    {
     "active": true, 
     "sourceName": "Source_PS",
      "sourceRotation": 2,
      "linked": true,
"burstFreq": 4000,
      "burstFreqRandom" : 0.0,
      "burstQty": 19,
      "sourceCadence": 500.0,
      "spread": 6.28,
      "heading": 5.95,
      "burstLength": 1.0,
      "yvelocity": 0.8,
      "position_x": 491.466,
      "position_y": -6894.811,
      "position_z": 1957.0094
    },
    {
     "active": true, 
     "sourceName": "Source_16",
      "sourceRotation": 2,
      "linked": true,
"burstFreq": 4000,
      "burstFreqRandom" : 0.0,
      "burstQty": 19,
      "sourceCadence": 500.0,
      "spread": 6.28,
      "heading": 5.95,
      "burstLength": 1.0,
      "yvelocity": 0.8,
      "position_x": -5244.9937,
      "position_y": -5662.562,
      "position_z": 2022.5248
    },
    {
     "active": true, 
     "sourceName": "Source_PS",
      "sourceRotation": 2,
      "linked": true,
"burstFreq": 4000,
      "burstFreqRandom" : 0.0,
      "burstQty": 19,
      "sourceCadence": 500.0,
      "spread": 6.28,
      "heading": 5.95,
      "burstLength": 1.0,
      "yvelocity": 0.8,
      "position_x": -3749.543,
      "position_y": -7659.551,
      "position_z": 2148.215
    }
  ],
  "behaviourName": "GridRunner",
  "thread_update_rate": 10,
  "last_behaviour_save": 1674106,
  "needToSave": true,
  "presetchanged": false
}