{
  "totalParticles": 2000,
  "nParticles": 635,
  "lifespan": 6750,
  "linked": true,
"burstFreq": 1500,
  "burstFreqRandom" : 0.0,
  "burstQty": 5,
  "sourceRotation": 1,
  "totalActiveSources": 1,
  "influenceSize": 125,
  "maxspeed": 2.15,
  "randomspeed": 0.8,
  "yvelocity": 0.1,
  "gravity": 0.0,
  "burstLength": 0.4,
  "coreSize": 0.84,
  "influenceIntensity": 0.26,
  "gridScale": 1.0,
  "gridWaveX": 0.0,
  "gridWaveZ": 0.0,
  "spread": 4.12,
  "heading": 1.55,
  "onGridFriction": 1.1,
  "onGridSteering": 1.0,
  "offGridFriction": 1.001,
  "offGridSteering": 0.81,
  "partScale": 1.7,
  "randomScale": 0.0,
  "sourceCadence": 500.0,
  "debugOpacity": 0.07,
  "vertexOpacity": 0.28,
  "segradius": 2,
  "lookahead": 70,
  "mouseSource": false,
  "sourceStep": false,
  "allSources": false,
  "debug": false,
  "displayModel": false,
  "displaySegments": false,
  "displayParticles": true,
  "displayVertices": false,
  "displaySources": true,
  "displayCore": true,
  "modelName": "meander_for_GridRunner.obj",
  "particleSourceVars": [
    {
      "sourceName": "Source_278",
      "sourceRotation": 2,
      "linked": true,
"burstFreq": 1500,
      "burstFreqRandom" : 0.0,
      "burstQty": 10,
      "sourceCadence": 500.0,
      "spread": 4.12,
      "heading": 1.55,
      "burstLength": 0.4,
      "yvelocity": 0.1,
      "position_x": 1277.3757,
      "position_y": -3781.7522,
      "position_z": 2494.1282,
      "active": true,
      "sourcePatchable": {
        "dataPorts": [
          {
            "inport": true,
            "param": "active",
            "val": "false",
            "min": 0.0,
            "max": 0.0,
            "trigger": 0.5,
            "newDataPrecision": 1.0E-5
          },
          {
            "inport": true,
            "param": "burstQty",
            "val": "10",
            "min": 1.0,
            "max": 250.0,
            "trigger": 0.0,
            "newDataPrecision": 1.0E-5
          },
          {
            "inport": true,
            "param": "burstFreq",
            "val": "1500",
            "min": 10.0,
            "max": 5000.0,
            "trigger": 0.0,
            "newDataPrecision": 1.0E-5
          },
          {
            "inport": true,
            "param": "burstLength",
            "val": "0.4",
            "min": 0.1,
            "max": 1.0,
            "trigger": 0.0,
            "newDataPrecision": 1.0E-5
          }
        ],
        "realName": "Source_278",
        "behaviour": "GridRunner",
        "displayName": "Source_278",
        "screenX": 0,
        "screenY": 0,
        "screenW": 0,
        "screenH": 0,
        "hidden": false,
        "killMe": false
      },
      "behaviourName": "Source_278",
      "influenceActive": true,
      "neverSave": true
    },
    {
      "sourceName": "Source_PS",
      "sourceRotation": 1,
      "linked": true,
"burstFreq": 1500,
      "burstFreqRandom" : 0.0,
      "burstQty": 5,
      "sourceCadence": 500.0,
      "spread": 4.12,
      "heading": 1.55,
      "burstLength": 0.4,
      "yvelocity": 0.1,
      "position_x": -6042.3506,
      "position_y": 1198.61,
      "position_z": 2249.7273,
      "active": true,
      "sourcePatchable": {
        "dataPorts": [],
        "realName": "Source_PS",
        "behaviour": "",
        "displayName": "Source_PS",
        "screenX": 0,
        "screenY": 0,
        "screenW": 0,
        "screenH": 0,
        "hidden": false,
        "killMe": false
      },
      "behaviourName": "Source_PS",
      "influenceActive": true,
      "neverSave": true
    },
    {
      "sourceName": "Source_274",
      "sourceRotation": 2,
      "linked": true,
"burstFreq": 1500,
      "burstFreqRandom" : 0.0,
      "burstQty": 10,
      "sourceCadence": 500.0,
      "spread": 4.12,
      "heading": 1.55,
      "burstLength": 0.4,
      "yvelocity": 0.1,
      "position_x": -1712.5011,
      "position_y": -6102.053,
      "position_z": 1081.7548,
      "active": true,
      "sourcePatchable": {
        "dataPorts": [
          {
            "inport": true,
            "param": "active",
            "val": "false",
            "min": 0.0,
            "max": 0.0,
            "trigger": 0.5,
            "newDataPrecision": 1.0E-5
          },
          {
            "inport": true,
            "param": "burstQty",
            "val": "10",
            "min": 1.0,
            "max": 250.0,
            "trigger": 0.0,
            "newDataPrecision": 1.0E-5
          },
          {
            "inport": true,
            "param": "burstFreq",
            "val": "1500",
            "min": 10.0,
            "max": 5000.0,
            "trigger": 0.0,
            "newDataPrecision": 1.0E-5
          },
          {
            "inport": true,
            "param": "burstLength",
            "val": "0.4",
            "min": 0.1,
            "max": 1.0,
            "trigger": 0.0,
            "newDataPrecision": 1.0E-5
          }
        ],
        "realName": "Source_274",
        "behaviour": "GridRunner",
        "displayName": "Source_274",
        "screenX": 0,
        "screenY": 0,
        "screenW": 0,
        "screenH": 0,
        "hidden": false,
        "killMe": false
      },
      "behaviourName": "Source_274",
      "influenceActive": true,
      "neverSave": true
    },
    {
      "sourceName": "Source_437",
      "sourceRotation": 2,
      "linked": true,
"burstFreq": 1500,
      "burstFreqRandom" : 0.0,
      "burstQty": 10,
      "sourceCadence": 500.0,
      "spread": 4.12,
      "heading": 1.55,
      "burstLength": 0.4,
      "yvelocity": 0.1,
      "position_x": 884.5952,
      "position_y": -5202.053,
      "position_z": 1081.7548,
      "active": true,
      "sourcePatchable": {
        "dataPorts": [
          {
            "inport": true,
            "param": "active",
            "val": "false",
            "min": 0.0,
            "max": 0.0,
            "trigger": 0.5,
            "newDataPrecision": 1.0E-5
          },
          {
            "inport": true,
            "param": "burstQty",
            "val": "10",
            "min": 1.0,
            "max": 250.0,
            "trigger": 0.0,
            "newDataPrecision": 1.0E-5
          },
          {
            "inport": true,
            "param": "burstFreq",
            "val": "1500",
            "min": 10.0,
            "max": 5000.0,
            "trigger": 0.0,
            "newDataPrecision": 1.0E-5
          },
          {
            "inport": true,
            "param": "burstLength",
            "val": "0.4",
            "min": 0.1,
            "max": 1.0,
            "trigger": 0.0,
            "newDataPrecision": 1.0E-5
          }
        ],
        "realName": "Source_437",
        "behaviour": "GridRunner",
        "displayName": "Source_437",
        "screenX": 0,
        "screenY": 0,
        "screenW": 0,
        "screenH": 0,
        "hidden": false,
        "killMe": false
      },
      "behaviourName": "Source_437",
      "influenceActive": true,
      "neverSave": true
    },
    {
      "sourceName": "Source_439",
      "sourceRotation": 2,
      "linked": true,
"burstFreq": 1500,
      "burstFreqRandom" : 0.0,
      "burstQty": 10,
      "sourceCadence": 500.0,
      "spread": 4.12,
      "heading": 1.55,
      "burstLength": 0.4,
      "yvelocity": 0.1,
      "position_x": -78.2489,
      "position_y": -5203.7715,
      "position_z": 1081.7548,
      "active": true,
      "sourcePatchable": {
        "dataPorts": [
          {
            "inport": true,
            "param": "active",
            "val": "false",
            "min": 0.0,
            "max": 0.0,
            "trigger": 0.5,
            "newDataPrecision": 1.0E-5
          },
          {
            "inport": true,
            "param": "burstQty",
            "val": "10",
            "min": 1.0,
            "max": 250.0,
            "trigger": 0.0,
            "newDataPrecision": 1.0E-5
          },
          {
            "inport": true,
            "param": "burstFreq",
            "val": "1500",
            "min": 10.0,
            "max": 5000.0,
            "trigger": 0.0,
            "newDataPrecision": 1.0E-5
          },
          {
            "inport": true,
            "param": "burstLength",
            "val": "0.4",
            "min": 0.1,
            "max": 1.0,
            "trigger": 0.0,
            "newDataPrecision": 1.0E-5
          }
        ],
        "realName": "Source_439",
        "behaviour": "GridRunner",
        "displayName": "Source_439",
        "screenX": 0,
        "screenY": 0,
        "screenW": 0,
        "screenH": 0,
        "hidden": false,
        "killMe": false
      },
      "behaviourName": "Source_439",
      "influenceActive": true,
      "neverSave": true
    },
    {
      "sourceName": "Source_474",
      "sourceRotation": 2,
      "linked": true,
"burstFreq": 1500,
      "burstFreqRandom" : 0.0,
      "burstQty": 10,
      "sourceCadence": 500.0,
      "spread": 4.12,
      "heading": 1.55,
      "burstLength": 0.4,
      "yvelocity": 0.1,
      "position_x": 362.206,
      "position_y": -6101.8276,
      "position_z": 1081.7548,
      "active": true,
      "sourcePatchable": {
        "dataPorts": [
          {
            "inport": true,
            "param": "active",
            "val": "false",
            "min": 0.0,
            "max": 0.0,
            "trigger": 0.5,
            "newDataPrecision": 1.0E-5
          },
          {
            "inport": true,
            "param": "burstQty",
            "val": "10",
            "min": 1.0,
            "max": 250.0,
            "trigger": 0.0,
            "newDataPrecision": 1.0E-5
          },
          {
            "inport": true,
            "param": "burstFreq",
            "val": "1500",
            "min": 10.0,
            "max": 5000.0,
            "trigger": 0.0,
            "newDataPrecision": 1.0E-5
          },
          {
            "inport": true,
            "param": "burstLength",
            "val": "0.4",
            "min": 0.1,
            "max": 1.0,
            "trigger": 0.0,
            "newDataPrecision": 1.0E-5
          }
        ],
        "realName": "Source_474",
        "behaviour": "GridRunner",
        "displayName": "Source_474",
        "screenX": 0,
        "screenY": 0,
        "screenW": 0,
        "screenH": 0,
        "hidden": false,
        "killMe": false
      },
      "behaviourName": "Source_474",
      "influenceActive": true,
      "neverSave": true
    },
    {
      "sourceName": "Source_423",
      "sourceRotation": 2,
      "linked": true,
"burstFreq": 1500,
      "burstFreqRandom" : 0.0,
      "burstQty": 10,
      "sourceCadence": 500.0,
      "spread": 4.12,
      "heading": 1.55,
      "burstLength": 0.4,
      "yvelocity": 0.1,
      "position_x": -674.2505,
      "position_y": -6102.053,
      "position_z": 1081.7548,
      "active": true,
      "sourcePatchable": {
        "dataPorts": [
          {
            "inport": true,
            "param": "active",
            "val": "false",
            "min": 0.0,
            "max": 0.0,
            "trigger": 0.5,
            "newDataPrecision": 1.0E-5
          },
          {
            "inport": true,
            "param": "burstQty",
            "val": "10",
            "min": 1.0,
            "max": 250.0,
            "trigger": 0.0,
            "newDataPrecision": 1.0E-5
          },
          {
            "inport": true,
            "param": "burstFreq",
            "val": "1500",
            "min": 10.0,
            "max": 5000.0,
            "trigger": 0.0,
            "newDataPrecision": 1.0E-5
          },
          {
            "inport": true,
            "param": "burstLength",
            "val": "0.4",
            "min": 0.1,
            "max": 1.0,
            "trigger": 0.0,
            "newDataPrecision": 1.0E-5
          }
        ],
        "realName": "Source_423",
        "behaviour": "GridRunner",
        "displayName": "Source_423",
        "screenX": 0,
        "screenY": 0,
        "screenW": 0,
        "screenH": 0,
        "hidden": false,
        "killMe": false
      },
      "behaviourName": "Source_423",
      "influenceActive": true,
      "neverSave": true
    },
    {
      "sourceName": "Source_498",
      "sourceRotation": 2,
      "linked": true,
"burstFreq": 1500,
      "burstFreqRandom" : 0.0,
      "burstQty": 10,
      "sourceCadence": 500.0,
      "spread": 4.12,
      "heading": 1.55,
      "burstLength": 0.4,
      "yvelocity": 0.1,
      "position_x": -2755.5735,
      "position_y": -6101.7085,
      "position_z": 1081.7548,
      "active": true,
      "sourcePatchable": {
        "dataPorts": [
          {
            "inport": true,
            "param": "active",
            "val": "false",
            "min": 0.0,
            "max": 0.0,
            "trigger": 0.5,
            "newDataPrecision": 1.0E-5
          },
          {
            "inport": true,
            "param": "burstQty",
            "val": "10",
            "min": 1.0,
            "max": 250.0,
            "trigger": 0.0,
            "newDataPrecision": 1.0E-5
          },
          {
            "inport": true,
            "param": "burstFreq",
            "val": "1500",
            "min": 10.0,
            "max": 5000.0,
            "trigger": 0.0,
            "newDataPrecision": 1.0E-5
          },
          {
            "inport": true,
            "param": "burstLength",
            "val": "0.4",
            "min": 0.1,
            "max": 1.0,
            "trigger": 0.0,
            "newDataPrecision": 1.0E-5
          }
        ],
        "realName": "Source_498",
        "behaviour": "GridRunner",
        "displayName": "Source_498",
        "screenX": 0,
        "screenY": 0,
        "screenW": 0,
        "screenH": 0,
        "hidden": false,
        "killMe": false
      },
      "behaviourName": "Source_498",
      "influenceActive": true,
      "neverSave": true
    },
    {
      "sourceName": "Source_446",
      "sourceRotation": 2,
      "linked": true,
"burstFreq": 1500,
      "burstFreqRandom" : 0.0,
      "burstQty": 10,
      "sourceCadence": 500.0,
      "spread": 4.12,
      "heading": 1.55,
      "burstLength": 0.4,
      "yvelocity": 0.1,
      "position_x": -3712.7815,
      "position_y": -6104.401,
      "position_z": 1081.7548,
      "active": true,
      "sourcePatchable": {
        "dataPorts": [
          {
            "inport": true,
            "param": "active",
            "val": "false",
            "min": 0.0,
            "max": 0.0,
            "trigger": 0.5,
            "newDataPrecision": 1.0E-5
          },
          {
            "inport": true,
            "param": "burstQty",
            "val": "10",
            "min": 1.0,
            "max": 250.0,
            "trigger": 0.0,
            "newDataPrecision": 1.0E-5
          },
          {
            "inport": true,
            "param": "burstFreq",
            "val": "1500",
            "min": 10.0,
            "max": 5000.0,
            "trigger": 0.0,
            "newDataPrecision": 1.0E-5
          },
          {
            "inport": true,
            "param": "burstLength",
            "val": "0.4",
            "min": 0.1,
            "max": 1.0,
            "trigger": 0.0,
            "newDataPrecision": 1.0E-5
          }
        ],
        "realName": "Source_446",
        "behaviour": "GridRunner",
        "displayName": "Source_446",
        "screenX": 0,
        "screenY": 0,
        "screenW": 0,
        "screenH": 0,
        "hidden": false,
        "killMe": false
      },
      "behaviourName": "Source_446",
      "influenceActive": true,
      "neverSave": true
    },
    {
      "sourceName": "Source_279",
      "sourceRotation": 2,
      "linked": true,
"burstFreq": 1500,
      "burstFreqRandom" : 0.0,
      "burstQty": 10,
      "sourceCadence": 500.0,
      "spread": 4.12,
      "heading": 1.55,
      "burstLength": 0.4,
      "yvelocity": 0.1,
      "position_x": -4308.495,
      "position_y": -5202.053,
      "position_z": 1081.7548,
      "active": true,
      "sourcePatchable": {
        "dataPorts": [
          {
            "inport": true,
            "param": "active",
            "val": "false",
            "min": 0.0,
            "max": 0.0,
            "trigger": 0.5,
            "newDataPrecision": 1.0E-5
          },
          {
            "inport": true,
            "param": "burstQty",
            "val": "10",
            "min": 1.0,
            "max": 250.0,
            "trigger": 0.0,
            "newDataPrecision": 1.0E-5
          },
          {
            "inport": true,
            "param": "burstFreq",
            "val": "1500",
            "min": 10.0,
            "max": 5000.0,
            "trigger": 0.0,
            "newDataPrecision": 1.0E-5
          },
          {
            "inport": true,
            "param": "burstLength",
            "val": "0.4",
            "min": 0.1,
            "max": 1.0,
            "trigger": 0.0,
            "newDataPrecision": 1.0E-5
          }
        ],
        "realName": "Source_279",
        "behaviour": "GridRunner",
        "displayName": "Source_279",
        "screenX": 0,
        "screenY": 0,
        "screenW": 0,
        "screenH": 0,
        "hidden": false,
        "killMe": false
      },
      "behaviourName": "Source_279",
      "influenceActive": true,
      "neverSave": true
    },
    {
      "sourceName": "Source_159",
      "sourceRotation": 2,
      "linked": true,
"burstFreq": 1500,
      "burstFreqRandom" : 0.0,
      "burstQty": 10,
      "sourceCadence": 500.0,
      "spread": 4.12,
      "heading": 1.55,
      "burstLength": 0.4,
      "yvelocity": 0.1,
      "position_x": -6090.452,
      "position_y": -31.004578,
      "position_z": 1663.2551,
      "active": true,
      "sourcePatchable": {
        "dataPorts": [
          {
            "inport": true,
            "param": "active",
            "val": "false",
            "min": 0.0,
            "max": 0.0,
            "trigger": 0.5,
            "newDataPrecision": 1.0E-5
          },
          {
            "inport": true,
            "param": "burstQty",
            "val": "10",
            "min": 1.0,
            "max": 250.0,
            "trigger": 0.0,
            "newDataPrecision": 1.0E-5
          },
          {
            "inport": true,
            "param": "burstFreq",
            "val": "1500",
            "min": 10.0,
            "max": 5000.0,
            "trigger": 0.0,
            "newDataPrecision": 1.0E-5
          },
          {
            "inport": true,
            "param": "burstLength",
            "val": "0.4",
            "min": 0.1,
            "max": 1.0,
            "trigger": 0.0,
            "newDataPrecision": 1.0E-5
          }
        ],
        "realName": "Source_159",
        "behaviour": "GridRunner",
        "displayName": "Source_159",
        "screenX": 0,
        "screenY": 0,
        "screenW": 0,
        "screenH": 0,
        "hidden": false,
        "killMe": false
      },
      "behaviourName": "Source_159",
      "influenceActive": true,
      "neverSave": true
    },
    {
      "sourceName": "Source_414",
      "sourceRotation": 2,
      "linked": true,
"burstFreq": 1500,
      "burstFreqRandom" : 0.0,
      "burstQty": 10,
      "sourceCadence": 500.0,
      "spread": 4.12,
      "heading": 1.55,
      "burstLength": 0.4,
      "yvelocity": 0.1,
      "position_x": -5350.7876,
      "position_y": 797.7451,
      "position_z": 1749.7274,
      "active": true,
      "sourcePatchable": {
        "dataPorts": [
          {
            "inport": true,
            "param": "active",
            "val": "false",
            "min": 0.0,
            "max": 0.0,
            "trigger": 0.5,
            "newDataPrecision": 1.0E-5
          },
          {
            "inport": true,
            "param": "burstQty",
            "val": "10",
            "min": 1.0,
            "max": 250.0,
            "trigger": 0.0,
            "newDataPrecision": 1.0E-5
          },
          {
            "inport": true,
            "param": "burstFreq",
            "val": "1500",
            "min": 10.0,
            "max": 5000.0,
            "trigger": 0.0,
            "newDataPrecision": 1.0E-5
          },
          {
            "inport": true,
            "param": "burstLength",
            "val": "0.4",
            "min": 0.1,
            "max": 1.0,
            "trigger": 0.0,
            "newDataPrecision": 1.0E-5
          }
        ],
        "realName": "Source_414",
        "behaviour": "GridRunner",
        "displayName": "Source_414",
        "screenX": 0,
        "screenY": 0,
        "screenW": 0,
        "screenH": 0,
        "hidden": false,
        "killMe": false
      },
      "behaviourName": "Source_414",
      "influenceActive": true,
      "neverSave": true
    },
    {
      "sourceName": "Source_460",
      "sourceRotation": 2,
      "linked": true,
"burstFreq": 1500,
      "burstFreqRandom" : 0.0,
      "burstQty": 10,
      "sourceCadence": 500.0,
      "spread": 4.12,
      "heading": 1.55,
      "burstLength": 0.4,
      "yvelocity": 0.1,
      "position_x": -4311.557,
      "position_y": -1002.2549,
      "position_z": 1749.7274,
      "active": true,
      "sourcePatchable": {
        "dataPorts": [
          {
            "inport": true,
            "param": "active",
            "val": "false",
            "min": 0.0,
            "max": 0.0,
            "trigger": 0.5,
            "newDataPrecision": 1.0E-5
          },
          {
            "inport": true,
            "param": "burstQty",
            "val": "10",
            "min": 1.0,
            "max": 250.0,
            "trigger": 0.0,
            "newDataPrecision": 1.0E-5
          },
          {
            "inport": true,
            "param": "burstFreq",
            "val": "1500",
            "min": 10.0,
            "max": 5000.0,
            "trigger": 0.0,
            "newDataPrecision": 1.0E-5
          },
          {
            "inport": true,
            "param": "burstLength",
            "val": "0.4",
            "min": 0.1,
            "max": 1.0,
            "trigger": 0.0,
            "newDataPrecision": 1.0E-5
          }
        ],
        "realName": "Source_460",
        "behaviour": "GridRunner",
        "displayName": "Source_460",
        "screenX": 0,
        "screenY": 0,
        "screenW": 0,
        "screenH": 0,
        "hidden": false,
        "killMe": false
      },
      "behaviourName": "Source_460",
      "influenceActive": true,
      "neverSave": true
    },
    {
      "sourceName": "Source_424",
      "sourceRotation": 2,
      "linked": true,
"burstFreq": 1500,
      "burstFreqRandom" : 0.0,
      "burstQty": 10,
      "sourceCadence": 500.0,
      "spread": 4.12,
      "heading": 1.55,
      "burstLength": 0.4,
      "yvelocity": 0.1,
      "position_x": -4831.1724,
      "position_y": 1697.7451,
      "position_z": 1749.7274,
      "active": true,
      "sourcePatchable": {
        "dataPorts": [
          {
            "inport": true,
            "param": "active",
            "val": "false",
            "min": 0.0,
            "max": 0.0,
            "trigger": 0.5,
            "newDataPrecision": 1.0E-5
          },
          {
            "inport": true,
            "param": "burstQty",
            "val": "10",
            "min": 1.0,
            "max": 250.0,
            "trigger": 0.0,
            "newDataPrecision": 1.0E-5
          },
          {
            "inport": true,
            "param": "burstFreq",
            "val": "1500",
            "min": 10.0,
            "max": 5000.0,
            "trigger": 0.0,
            "newDataPrecision": 1.0E-5
          },
          {
            "inport": true,
            "param": "burstLength",
            "val": "0.4",
            "min": 0.1,
            "max": 1.0,
            "trigger": 0.0,
            "newDataPrecision": 1.0E-5
          }
        ],
        "realName": "Source_424",
        "behaviour": "GridRunner",
        "displayName": "Source_424",
        "screenX": 0,
        "screenY": 0,
        "screenW": 0,
        "screenH": 0,
        "hidden": false,
        "killMe": false
      },
      "behaviourName": "Source_424",
      "influenceActive": true,
      "neverSave": true
    },
    {
      "sourceName": "Source_492",
      "sourceRotation": 2,
      "linked": true,
"burstFreq": 1500,
      "burstFreqRandom" : 0.0,
      "burstQty": 10,
      "sourceCadence": 500.0,
      "spread": 4.12,
      "heading": 1.55,
      "burstLength": 0.4,
      "yvelocity": 0.1,
      "position_x": -4311.557,
      "position_y": 2597.745,
      "position_z": 1749.7274,
      "active": true,
      "sourcePatchable": {
        "dataPorts": [
          {
            "inport": true,
            "param": "active",
            "val": "false",
            "min": 0.0,
            "max": 0.0,
            "trigger": 0.5,
            "newDataPrecision": 1.0E-5
          },
          {
            "inport": true,
            "param": "burstQty",
            "val": "10",
            "min": 1.0,
            "max": 250.0,
            "trigger": 0.0,
            "newDataPrecision": 1.0E-5
          },
          {
            "inport": true,
            "param": "burstFreq",
            "val": "1500",
            "min": 10.0,
            "max": 5000.0,
            "trigger": 0.0,
            "newDataPrecision": 1.0E-5
          },
          {
            "inport": true,
            "param": "burstLength",
            "val": "0.4",
            "min": 0.1,
            "max": 1.0,
            "trigger": 0.0,
            "newDataPrecision": 1.0E-5
          }
        ],
        "realName": "Source_492",
        "behaviour": "GridRunner",
        "displayName": "Source_492",
        "screenX": 0,
        "screenY": 0,
        "screenW": 0,
        "screenH": 0,
        "hidden": false,
        "killMe": false
      },
      "behaviourName": "Source_492",
      "influenceActive": true,
      "neverSave": true
    },
    {
      "sourceName": "Source_331",
      "sourceRotation": 2,
      "linked": true,
"burstFreq": 1500,
      "burstFreqRandom" : 0.0,
      "burstQty": 10,
      "sourceCadence": 500.0,
      "spread": 4.12,
      "heading": 1.55,
      "burstLength": 0.4,
      "yvelocity": 0.1,
      "position_x": 1988.4121,
      "position_y": -4194.2373,
      "position_z": 1682.447,
      "active": true,
      "sourcePatchable": {
        "dataPorts": [
          {
            "inport": true,
            "param": "active",
            "val": "false",
            "min": 0.0,
            "max": 0.0,
            "trigger": 0.5,
            "newDataPrecision": 1.0E-5
          },
          {
            "inport": true,
            "param": "burstQty",
            "val": "10",
            "min": 1.0,
            "max": 250.0,
            "trigger": 0.0,
            "newDataPrecision": 1.0E-5
          },
          {
            "inport": true,
            "param": "burstFreq",
            "val": "1500",
            "min": 10.0,
            "max": 5000.0,
            "trigger": 0.0,
            "newDataPrecision": 1.0E-5
          },
          {
            "inport": true,
            "param": "burstLength",
            "val": "0.4",
            "min": 0.1,
            "max": 1.0,
            "trigger": 0.0,
            "newDataPrecision": 1.0E-5
          }
        ],
        "realName": "Source_331",
        "behaviour": "GridRunner",
        "displayName": "Source_331",
        "screenX": 0,
        "screenY": 0,
        "screenW": 0,
        "screenH": 0,
        "hidden": false,
        "killMe": false
      },
      "behaviourName": "Source_331",
      "influenceActive": true,
      "neverSave": true
    },
    {
      "sourceName": "Source_456",
      "sourceRotation": 1,
      "linked": true,
"burstFreq": 1500,
      "burstFreqRandom" : 0.0,
      "burstQty": 10,
      "sourceCadence": 500.0,
      "spread": 4.12,
      "heading": 1.55,
      "burstLength": 0.4,
      "yvelocity": 0.1,
      "position_x": -3317.9792,
      "position_y": -1846.4928,
      "position_z": 2841.6455,
      "active": true,
      "sourcePatchable": {
        "dataPorts": [
          {
            "inport": true,
            "param": "active",
            "val": "false",
            "min": 0.0,
            "max": 0.0,
            "trigger": 0.5,
            "newDataPrecision": 1.0E-5
          },
          {
            "inport": true,
            "param": "burstQty",
            "val": "10",
            "min": 1.0,
            "max": 250.0,
            "trigger": 0.0,
            "newDataPrecision": 1.0E-5
          },
          {
            "inport": true,
            "param": "burstFreq",
            "val": "1500",
            "min": 10.0,
            "max": 5000.0,
            "trigger": 0.0,
            "newDataPrecision": 1.0E-5
          },
          {
            "inport": true,
            "param": "burstLength",
            "val": "0.4",
            "min": 0.1,
            "max": 1.0,
            "trigger": 0.0,
            "newDataPrecision": 1.0E-5
          }
        ],
        "realName": "Source_456",
        "behaviour": "GridRunner",
        "displayName": "Source_456",
        "screenX": 0,
        "screenY": 0,
        "screenW": 0,
        "screenH": 0,
        "hidden": false,
        "killMe": false
      },
      "behaviourName": "Source_456",
      "influenceActive": true,
      "neverSave": true
    }
  ],
  "behaviourName": "GridRunner",
  "influenceActive": true,
  "neverSave": false
}