{
  "totalParticles": 2000,
  "nParticles": 1005,
  "lifespan": 7000,
  "burstFreq": 1950,
  "burstQty": 3,
  "sourceRotation": 2,
  "totalActiveSources": 6,
  "influenceSize": 390,
  "maxspeed": 8.0,
  "randomspeed": 0.85,
  "yvelocity": 0.25,
  "gravity": 0.0,
  "burstFreqRandom": 0.0,
  "burstLength": 1.0,
  "coreSize": 0.93,
  "influenceIntensity": 0.25,
  "gridScale": 1.0,
  "gridWaveX": 0.0,
  "gridWaveZ": 0.0,
  "spread": 0.0,
  "heading": 5.29,
  "onGridFriction": 0.917,
  "onGridSteering": 1.0,
  "offGridFriction": 0.989,
  "offGridSteering": 0.21,
  "partScale": 2.2,
  "randomScale": 0.0,
  "sourceCadence": 500.0,
  "debugOpacity": 0.16,
  "vertexOpacity": 0.5,
  "segradius": 5,
  "lookahead": 1,
  "mouseSource": false,
  "sourceStep": false,
  "allSources": false,
  "linkedSources": true,
  "debug": true,
  "displayModel": false,
  "displaySegments": false,
  "displayParticles": false,
  "displayVertices": false,
  "displaySources": false,
  "displayCore": false,
  "influenceActive": true,
  "modelName": "meander_for_GridRunner.obj",
  "particleSourceVars": [
    {
      "sourceName": "Source_PS",
      "sourceRotation": 2,
      "burstFreq": 1950,
      "burstQty": 3,
      "sourceCadence": 500.0,
      "spread": 0.0,
      "heading": 5.29,
      "burstFreqRandom": 0.0,
      "burstLength": 1.0,
      "yvelocity": 0.25,
      "position_x": -6042.3506,
      "position_y": 1198.61,
      "position_z": 2249.7273,
      "active": true,
      "linked": true,
      "lifespan": 7000,
      "influenceSize": 390,
      "segradius": 5,
      "lookahead": 1,
      "maxspeed": 8.0,
      "randomspeed": 0.85,
      "coreSize": 0.93,
      "influenceIntensity": 0.25,
      "onGridFriction": 0.917,
      "onGridSteering": 1.0,
      "offGridFriction": 0.989,
      "offGridSteering": 0.21,
      "neverSave": true,
      "behaviourName": "Source_PS"
    },
    {
      "sourceName": "Source_523",
      "sourceRotation": 2,
      "burstFreq": 3030,
      "burstQty": 17,
      "sourceCadence": 20.0,
      "spread": 6.28,
      "heading": 3.96,
      "burstFreqRandom": 0.0,
      "burstLength": 1.0,
      "yvelocity": 0.0,
      "position_x": -4311.557,
      "position_y": 2597.745,
      "position_z": 1999.7274,
      "active": false,
      "linked": false,
      "lifespan": 8000,
      "influenceSize": 395,
      "segradius": 2,
      "lookahead": 14,
      "maxspeed": 5.65,
      "randomspeed": 0.95,
      "coreSize": 0.1,
      "influenceIntensity": 0.81,
      "onGridFriction": 0.937,
      "onGridSteering": 0.6,
      "offGridFriction": 1.072,
      "offGridSteering": 1.0,
      "neverSave": true,
      "behaviourName": "Source_523"
    },
    {
      "sourceName": "Source_522",
      "sourceRotation": 2,
      "burstFreq": 3030,
      "burstQty": 17,
      "sourceCadence": 20.0,
      "spread": 6.28,
      "heading": 3.96,
      "burstFreqRandom": 0.0,
      "burstLength": 1.0,
      "yvelocity": 0.0,
      "position_x": -4831.1724,
      "position_y": 1697.7451,
      "position_z": 1999.7274,
      "active": false,
      "linked": false,
      "lifespan": 8000,
      "influenceSize": 395,
      "segradius": 2,
      "lookahead": 14,
      "maxspeed": 5.65,
      "randomspeed": 0.95,
      "coreSize": 0.1,
      "influenceIntensity": 0.81,
      "onGridFriction": 0.937,
      "onGridSteering": 0.6,
      "offGridFriction": 1.072,
      "offGridSteering": 1.0,
      "neverSave": true,
      "behaviourName": "Source_522"
    },
    {
      "sourceName": "Source_521",
      "sourceRotation": 2,
      "burstFreq": 3030,
      "burstQty": 17,
      "sourceCadence": 20.0,
      "spread": 6.28,
      "heading": 3.96,
      "burstFreqRandom": 0.0,
      "burstLength": 1.0,
      "yvelocity": 0.0,
      "position_x": -5350.7876,
      "position_y": 797.7451,
      "position_z": 1999.7274,
      "active": false,
      "linked": false,
      "lifespan": 8000,
      "influenceSize": 395,
      "segradius": 2,
      "lookahead": 14,
      "maxspeed": 5.65,
      "randomspeed": 0.95,
      "coreSize": 0.1,
      "influenceIntensity": 0.81,
      "onGridFriction": 0.937,
      "onGridSteering": 0.6,
      "offGridFriction": 1.072,
      "offGridSteering": 1.0,
      "neverSave": true,
      "behaviourName": "Source_521"
    },
    {
      "sourceName": "Source_520",
      "sourceRotation": 2,
      "burstFreq": 3030,
      "burstQty": 17,
      "sourceCadence": 20.0,
      "spread": 6.28,
      "heading": 3.96,
      "burstFreqRandom": 0.0,
      "burstLength": 1.0,
      "yvelocity": 0.0,
      "position_x": -5870.403,
      "position_y": -102.2549,
      "position_z": 1999.7274,
      "active": false,
      "linked": false,
      "lifespan": 8000,
      "influenceSize": 395,
      "segradius": 2,
      "lookahead": 14,
      "maxspeed": 5.65,
      "randomspeed": 0.95,
      "coreSize": 0.1,
      "influenceIntensity": 0.81,
      "onGridFriction": 0.937,
      "onGridSteering": 0.6,
      "offGridFriction": 1.072,
      "offGridSteering": 1.0,
      "neverSave": true,
      "behaviourName": "Source_520"
    },
    {
      "sourceName": "Source_519",
      "sourceRotation": 2,
      "burstFreq": 3030,
      "burstQty": 17,
      "sourceCadence": 20.0,
      "spread": 6.28,
      "heading": 3.96,
      "burstFreqRandom": 0.0,
      "burstLength": 1.0,
      "yvelocity": 0.0,
      "position_x": -4311.557,
      "position_y": -1002.2549,
      "position_z": 1999.7274,
      "active": false,
      "linked": false,
      "lifespan": 8000,
      "influenceSize": 395,
      "segradius": 2,
      "lookahead": 14,
      "maxspeed": 5.65,
      "randomspeed": 0.95,
      "coreSize": 0.1,
      "influenceIntensity": 0.81,
      "onGridFriction": 0.937,
      "onGridSteering": 0.6,
      "offGridFriction": 1.072,
      "offGridSteering": 1.0,
      "neverSave": true,
      "behaviourName": "Source_519"
    },
    {
      "sourceName": "Source_530",
      "sourceRotation": 2,
      "burstFreq": 3030,
      "burstQty": 17,
      "sourceCadence": 20.0,
      "spread": 6.28,
      "heading": 3.96,
      "burstFreqRandom": 0.0,
      "burstLength": 1.0,
      "yvelocity": 0.0,
      "position_x": -3712.7815,
      "position_y": -6104.401,
      "position_z": 1331.7548,
      "active": false,
      "linked": false,
      "lifespan": 8000,
      "influenceSize": 395,
      "segradius": 2,
      "lookahead": 14,
      "maxspeed": 5.65,
      "randomspeed": 0.95,
      "coreSize": 0.1,
      "influenceIntensity": 0.81,
      "onGridFriction": 0.937,
      "onGridSteering": 0.6,
      "offGridFriction": 1.072,
      "offGridSteering": 1.0,
      "neverSave": true,
      "behaviourName": "Source_530"
    },
    {
      "sourceName": "Source_529",
      "sourceRotation": 2,
      "burstFreq": 3030,
      "burstQty": 17,
      "sourceCadence": 20.0,
      "spread": 6.28,
      "heading": 3.96,
      "burstFreqRandom": 0.0,
      "burstLength": 1.0,
      "yvelocity": 0.0,
      "position_x": -2755.5735,
      "position_y": -6101.7085,
      "position_z": 1331.7548,
      "active": false,
      "linked": false,
      "lifespan": 8000,
      "influenceSize": 395,
      "segradius": 2,
      "lookahead": 14,
      "maxspeed": 5.65,
      "randomspeed": 0.95,
      "coreSize": 0.1,
      "influenceIntensity": 0.81,
      "onGridFriction": 0.937,
      "onGridSteering": 0.6,
      "offGridFriction": 1.072,
      "offGridSteering": 1.0,
      "neverSave": true,
      "behaviourName": "Source_529"
    },
    {
      "sourceName": "Source_528",
      "sourceRotation": 2,
      "burstFreq": 3030,
      "burstQty": 17,
      "sourceCadence": 20.0,
      "spread": 6.28,
      "heading": 3.96,
      "burstFreqRandom": 0.0,
      "burstLength": 1.0,
      "yvelocity": 0.0,
      "position_x": -1712.5011,
      "position_y": -6102.053,
      "position_z": 1331.7548,
      "active": false,
      "linked": false,
      "lifespan": 8000,
      "influenceSize": 395,
      "segradius": 2,
      "lookahead": 14,
      "maxspeed": 5.65,
      "randomspeed": 0.95,
      "coreSize": 0.1,
      "influenceIntensity": 0.81,
      "onGridFriction": 0.937,
      "onGridSteering": 0.6,
      "offGridFriction": 1.072,
      "offGridSteering": 1.0,
      "neverSave": true,
      "behaviourName": "Source_528"
    },
    {
      "sourceName": "Source_527",
      "sourceRotation": 2,
      "burstFreq": 3030,
      "burstQty": 17,
      "sourceCadence": 20.0,
      "spread": 6.28,
      "heading": 3.96,
      "burstFreqRandom": 0.0,
      "burstLength": 1.0,
      "yvelocity": 0.0,
      "position_x": -674.2505,
      "position_y": -6102.053,
      "position_z": 1331.7548,
      "active": false,
      "linked": false,
      "lifespan": 8000,
      "influenceSize": 395,
      "segradius": 2,
      "lookahead": 14,
      "maxspeed": 5.65,
      "randomspeed": 0.95,
      "coreSize": 0.1,
      "influenceIntensity": 0.81,
      "onGridFriction": 0.937,
      "onGridSteering": 0.6,
      "offGridFriction": 1.072,
      "offGridSteering": 1.0,
      "neverSave": true,
      "behaviourName": "Source_527"
    },
    {
      "sourceName": "Source_525",
      "sourceRotation": 2,
      "burstFreq": 3030,
      "burstQty": 17,
      "sourceCadence": 20.0,
      "spread": 6.28,
      "heading": 3.96,
      "burstFreqRandom": 0.0,
      "burstLength": 1.0,
      "yvelocity": 0.0,
      "position_x": 362.206,
      "position_y": -6101.8276,
      "position_z": 1331.7548,
      "active": false,
      "linked": false,
      "lifespan": 8000,
      "influenceSize": 395,
      "segradius": 2,
      "lookahead": 14,
      "maxspeed": 5.65,
      "randomspeed": 0.95,
      "coreSize": 0.1,
      "influenceIntensity": 0.81,
      "onGridFriction": 0.937,
      "onGridSteering": 0.6,
      "offGridFriction": 1.072,
      "offGridSteering": 1.0,
      "neverSave": true,
      "behaviourName": "Source_525"
    },
    {
      "sourceName": "Source_526",
      "sourceRotation": 2,
      "burstFreq": 3030,
      "burstQty": 17,
      "sourceCadence": 20.0,
      "spread": 6.28,
      "heading": 3.96,
      "burstFreqRandom": 0.0,
      "burstLength": 1.0,
      "yvelocity": 0.0,
      "position_x": -78.2489,
      "position_y": -5203.7715,
      "position_z": 1331.7548,
      "active": false,
      "linked": false,
      "lifespan": 8000,
      "influenceSize": 395,
      "segradius": 2,
      "lookahead": 14,
      "maxspeed": 5.65,
      "randomspeed": 0.95,
      "coreSize": 0.1,
      "influenceIntensity": 0.81,
      "onGridFriction": 0.937,
      "onGridSteering": 0.6,
      "offGridFriction": 1.072,
      "offGridSteering": 1.0,
      "neverSave": true,
      "behaviourName": "Source_526"
    },
    {
      "sourceName": "Source_524",
      "sourceRotation": 2,
      "burstFreq": 3030,
      "burstQty": 17,
      "sourceCadence": 20.0,
      "spread": 6.28,
      "heading": 3.96,
      "burstFreqRandom": 0.0,
      "burstLength": 1.0,
      "yvelocity": 0.0,
      "position_x": 884.5952,
      "position_y": -5202.053,
      "position_z": 1331.7548,
      "active": false,
      "linked": false,
      "lifespan": 8000,
      "influenceSize": 395,
      "segradius": 2,
      "lookahead": 14,
      "maxspeed": 5.65,
      "randomspeed": 0.95,
      "coreSize": 0.1,
      "influenceIntensity": 0.81,
      "onGridFriction": 0.937,
      "onGridSteering": 0.6,
      "offGridFriction": 1.072,
      "offGridSteering": 1.0,
      "neverSave": true,
      "behaviourName": "Source_524"
    },
    {
      "sourceName": "Source_274",
      "sourceRotation": 2,
      "burstFreq": 4000,
      "burstQty": 4,
      "sourceCadence": 500.0,
      "spread": 4.12,
      "heading": 1.55,
      "burstFreqRandom": 0.0,
      "burstLength": 1.0,
      "yvelocity": 0.1,
      "position_x": 1889.66,
      "position_y": -3917.63,
      "position_z": 1953.0,
      "active": true,
      "linked": false,
      "lifespan": 9500,
      "influenceSize": 210,
      "segradius": 2,
      "lookahead": 19,
      "maxspeed": 3.8,
      "randomspeed": 0.8,
      "coreSize": 0.81,
      "influenceIntensity": 0.26,
      "onGridFriction": 1.1,
      "onGridSteering": 1.0,
      "offGridFriction": 0.994,
      "offGridSteering": 1.0,
      "neverSave": true,
      "behaviourName": "Source_274"
    },
    {
      "sourceName": "Source_290",
      "sourceRotation": 2,
      "burstFreq": 3030,
      "burstQty": 17,
      "sourceCadence": 20.0,
      "spread": 6.28,
      "heading": 3.96,
      "burstFreqRandom": 0.0,
      "burstLength": 1.0,
      "yvelocity": 0.0,
      "position_x": -4308.495,
      "position_y": -5202.053,
      "position_z": 1331.7548,
      "active": false,
      "linked": false,
      "lifespan": 8000,
      "influenceSize": 395,
      "segradius": 2,
      "lookahead": 14,
      "maxspeed": 5.65,
      "randomspeed": 0.95,
      "coreSize": 0.1,
      "influenceIntensity": 0.81,
      "onGridFriction": 0.937,
      "onGridSteering": 0.6,
      "offGridFriction": 1.072,
      "offGridSteering": 1.0,
      "neverSave": true,
      "behaviourName": "Source_290"
    },
    {
      "sourceName": "Source_255",
      "sourceRotation": 2,
      "burstFreq": 1410,
      "burstQty": 14,
      "sourceCadence": 500.0,
      "spread": 1.89,
      "heading": 3.55,
      "burstFreqRandom": 0.0,
      "burstLength": 0.8,
      "yvelocity": 0.0,
      "position_x": -3992.7524,
      "position_y": -1607.5605,
      "position_z": 2249.7273,
      "active": true,
      "linked": false,
      "lifespan": 8750,
      "influenceSize": 240,
      "segradius": 3,
      "lookahead": 1,
      "maxspeed": 4.15,
      "randomspeed": 0.85,
      "coreSize": 0.44,
      "influenceIntensity": 0.18,
      "onGridFriction": 0.997,
      "onGridSteering": 1.0,
      "offGridFriction": 0.99,
      "offGridSteering": 1.0,
      "neverSave": true,
      "behaviourName": "Source_255"
    },
    {
      "sourceName": "Source_183",
      "sourceRotation": 2,
      "burstFreq": 1410,
      "burstQty": 14,
      "sourceCadence": 500.0,
      "spread": 1.89,
      "heading": 1.43,
      "burstFreqRandom": 0.0,
      "burstLength": 0.8,
      "yvelocity": 0.0,
      "position_x": 1570.8636,
      "position_y": -4618.9556,
      "position_z": 1581.7548,
      "active": true,
      "linked": false,
      "lifespan": 8750,
      "influenceSize": 240,
      "segradius": 3,
      "lookahead": 1,
      "maxspeed": 4.15,
      "randomspeed": 0.85,
      "coreSize": 0.44,
      "influenceIntensity": 0.18,
      "onGridFriction": 0.997,
      "onGridSteering": 1.0,
      "offGridFriction": 0.99,
      "offGridSteering": 1.0,
      "neverSave": true,
      "behaviourName": "Source_183"
    },
    {
      "sourceName": "Source_282",
      "sourceRotation": 1,
      "burstFreq": 4290,
      "burstQty": 8,
      "sourceCadence": 500.0,
      "spread": 0.0,
      "heading": 5.65,
      "burstFreqRandom": 0.0,
      "burstLength": 0.2,
      "yvelocity": 0.87,
      "position_x": 418.4404,
      "position_y": -1217.0677,
      "position_z": -490.8376,
      "active": true,
      "linked": false,
      "lifespan": 7000,
      "influenceSize": 545,
      "segradius": 5,
      "lookahead": 1,
      "maxspeed": 8.0,
      "randomspeed": 0.85,
      "coreSize": 0.35,
      "influenceIntensity": 0.41,
      "onGridFriction": 0.917,
      "onGridSteering": 1.0,
      "offGridFriction": 0.989,
      "offGridSteering": 0.21,
      "neverSave": true,
      "behaviourName": "Source_282"
    },
    {
      "sourceName": "Source_284",
      "sourceRotation": 1,
      "burstFreq": 4290,
      "burstQty": 8,
      "sourceCadence": 500.0,
      "spread": 0.0,
      "heading": 5.65,
      "burstFreqRandom": 0.0,
      "burstLength": 0.2,
      "yvelocity": 0.93,
      "position_x": -866.3715,
      "position_y": 1039.1736,
      "position_z": -257.2192,
      "active": true,
      "linked": false,
      "lifespan": 7000,
      "influenceSize": 545,
      "segradius": 5,
      "lookahead": 1,
      "maxspeed": 8.0,
      "randomspeed": 0.85,
      "coreSize": 0.35,
      "influenceIntensity": 0.41,
      "onGridFriction": 0.917,
      "onGridSteering": 1.0,
      "offGridFriction": 0.989,
      "offGridSteering": 0.21,
      "neverSave": true,
      "behaviourName": "Source_284"
    },
    {
      "sourceName": "Source_279",
      "sourceRotation": 0,
      "burstFreq": 4290,
      "burstQty": 8,
      "sourceCadence": 500.0,
      "spread": 0.0,
      "heading": 0.22,
      "burstFreqRandom": 0.0,
      "burstLength": 0.2,
      "yvelocity": 0.0,
      "position_x": 0.0,
      "position_y": 0.0,
      "position_z": 0.0,
      "active": true,
      "linked": false,
      "lifespan": 7000,
      "influenceSize": 755,
      "segradius": 5,
      "lookahead": 1,
      "maxspeed": 8.0,
      "randomspeed": 0.7,
      "coreSize": 0.38,
      "influenceIntensity": 0.41,
      "onGridFriction": 0.917,
      "onGridSteering": 1.0,
      "offGridFriction": 0.988,
      "offGridSteering": 0.21,
      "neverSave": true,
      "behaviourName": "Source_279"
    }
  ],
  "neverSave": false,
  "behaviourName": "GridRunner"
}