{
  "totalParticles": 2000,
  "nParticles": 1005,
  "lifespan": 10000,
  "linked": true,
"burstFreq": 3450,
  "burstFreqRandom" : 0.0,
  "burstQty": 1,
  "sourceRotation": 2,
  "totalActiveSources": 4,
  "influenceSize": 165,
  "maxspeed": 5.35,
  "randomspeed": 0.5,
  "yvelocity": 0.46,
  "gravity": 0.0,
  "burstLength": 0.1,
  "coreSize": 1.0,
  "influenceIntensity": 0.75,
  "gridScale": 1.0,
  "gridWaveX": 0.0,
  "gridWaveZ": 0.0,
  "spread": 6.28,
  "heading": 3.55,
  "onGridFriction": 0.998,
  "onGridSteering": 1.0,
  "offGridFriction": 1.0,
  "offGridSteering": 0.91,
  "partScale": 2.2,
  "randomScale": 0.0,
  "sourceCadence": 500.0,
  "debugOpacity": 0.27,
  "vertexOpacity": 0.14,
  "segradius": 2,
  "lookahead": 1,
  "mouseSource": false,
  "sourceStep": false,
  "allSources": true,
  "debug": true,
  "displayModel": false,
  "displaySegments": false,
  "displayParticles": true,
  "displayVertices": true,
  "displaySources": true,
  "displayCore": true,
  "modelName": "meander_for_GridRunner.obj",
  "particleSourceVars": [
    {
     "active": true, 
     "sourceName": "Source_278",
      "sourceRotation": 2,
      "linked": true,
"burstFreq": 3450,
      "burstFreqRandom" : 0.0,
      "burstQty": 1,
      "sourceCadence": 500.0,
      "spread": 6.28,
      "heading": 3.55,
      "burstLength": 0.1,
      "yvelocity": 0.46,
      "position_x": 1277.3757,
      "position_y": -3781.7522,
      "position_z": 2494.1282,
      "active": true,
      "sourcePatchable": {
        "dataPorts": [
          {
            "inport": true,
            "param": "active",
            "val": "false",
            "min": 0.0,
            "max": 0.0,
            "trigger": 0.5,
            "newDataPrecision": 1.0E-5
          },
          {
            "inport": true,
            "param": "burstQty",
            "val": "1",
            "min": 10.0,
            "max": 5000.0,
            "trigger": 0.0,
            "newDataPrecision": 1.0E-5
          },
          {
            "inport": true,
            "param": "burstFreq",
            "val": "3450",
            "min": 1.0,
            "max": 250.0,
            "trigger": 0.0,
            "newDataPrecision": 1.0E-5
          },
          {
            "inport": true,
            "param": "burstLength",
            "val": "0.1",
            "min": 0.1,
            "max": 1.0,
            "trigger": 0.0,
            "newDataPrecision": 1.0E-5
          }
        ],
        "realName": "Source_278",
        "behaviour": "GridRunner",
        "displayName": "Source_278",
        "screenX": 0,
        "screenY": 0,
        "screenW": 0,
        "screenH": 0,
        "hidden": false,
        "killMe": false
      },
      "behaviourName": "Source_278",
      "influenceActive": true,
      "neverSave": true
    },
    {
     "active": true, 
     "sourceName": "Source_PS",
      "sourceRotation": 2,
      "linked": true,
"burstFreq": 3450,
      "burstFreqRandom" : 0.0,
      "burstQty": 1,
      "sourceCadence": 500.0,
      "spread": 6.28,
      "heading": 3.55,
      "burstLength": 0.1,
      "yvelocity": 0.46,
      "position_x": 2031.5837,
      "position_y": -3782.3682,
      "position_z": 2171.232,
      "active": true,
      "sourcePatchable": {
        "dataPorts": [],
        "realName": "Source_PS",
        "behaviour": "",
        "displayName": "Source_PS",
        "screenX": 0,
        "screenY": 0,
        "screenW": 0,
        "screenH": 0,
        "hidden": false,
        "killMe": false
      },
      "behaviourName": "Source_PS",
      "influenceActive": true,
      "neverSave": true
    },
    {
     "active": true, 
     "sourceName": "Source_PS",
      "sourceRotation": 2,
      "linked": true,
"burstFreq": 3450,
      "burstFreqRandom" : 0.0,
      "burstQty": 1,
      "sourceCadence": 500.0,
      "spread": 6.28,
      "heading": 3.55,
      "burstLength": 0.1,
      "yvelocity": 0.46,
      "position_x": 1808.1437,
      "position_y": -3600.3682,
      "position_z": 2390.808,
      "active": true,
      "sourcePatchable": {
        "dataPorts": [],
        "realName": "Source_PS",
        "behaviour": "",
        "displayName": "Source_PS",
        "screenX": 0,
        "screenY": 0,
        "screenW": 0,
        "screenH": 0,
        "hidden": false,
        "killMe": false
      },
      "behaviourName": "Source_PS",
      "influenceActive": true,
      "neverSave": true
    },
    {
     "active": true, 
     "sourceName": "Source_184",
      "sourceRotation": 2,
      "linked": true,
"burstFreq": 3450,
      "burstFreqRandom" : 0.0,
      "burstQty": 1,
      "sourceCadence": 500.0,
      "spread": 6.28,
      "heading": 3.55,
      "burstLength": 0.1,
      "yvelocity": 0.46,
      "position_x": -4668.8076,
      "position_y": -1561.0872,
      "position_z": 1874.5825,
      "active": true,
      "sourcePatchable": {
        "dataPorts": [
          {
            "inport": true,
            "param": "active",
            "val": "false",
            "min": 0.0,
            "max": 0.0,
            "trigger": 0.5,
            "newDataPrecision": 1.0E-5
          },
          {
            "inport": true,
            "param": "burstQty",
            "val": "1",
            "min": 10.0,
            "max": 5000.0,
            "trigger": 0.0,
            "newDataPrecision": 1.0E-5
          },
          {
            "inport": true,
            "param": "burstFreq",
            "val": "3450",
            "min": 1.0,
            "max": 250.0,
            "trigger": 0.0,
            "newDataPrecision": 1.0E-5
          },
          {
            "inport": true,
            "param": "burstLength",
            "val": "0.1",
            "min": 0.1,
            "max": 1.0,
            "trigger": 0.0,
            "newDataPrecision": 1.0E-5
          }
        ],
        "realName": "Source_184",
        "behaviour": "GridRunner",
        "displayName": "Source_184",
        "screenX": 0,
        "screenY": 0,
        "screenW": 0,
        "screenH": 0,
        "hidden": false,
        "killMe": false
      },
      "behaviourName": "Source_184",
      "influenceActive": true,
      "neverSave": true
    },
    {
     "active": true, 
     "sourceName": "Source_439",
      "sourceRotation": 2,
      "linked": true,
"burstFreq": 3450,
      "burstFreqRandom" : 0.0,
      "burstQty": 1,
      "sourceCadence": 500.0,
      "spread": 6.28,
      "heading": 3.55,
      "burstLength": 0.1,
      "yvelocity": 0.46,
      "position_x": -78.2489,
      "position_y": -5203.7715,
      "position_z": 1081.7548,
      "active": true,
      "sourcePatchable": {
        "dataPorts": [
          {
            "inport": true,
            "param": "active",
            "val": "false",
            "min": 0.0,
            "max": 0.0,
            "trigger": 0.5,
            "newDataPrecision": 1.0E-5
          },
          {
            "inport": true,
            "param": "burstQty",
            "val": "1",
            "min": 10.0,
            "max": 5000.0,
            "trigger": 0.0,
            "newDataPrecision": 1.0E-5
          },
          {
            "inport": true,
            "param": "burstFreq",
            "val": "3450",
            "min": 1.0,
            "max": 250.0,
            "trigger": 0.0,
            "newDataPrecision": 1.0E-5
          },
          {
            "inport": true,
            "param": "burstLength",
            "val": "0.1",
            "min": 0.1,
            "max": 1.0,
            "trigger": 0.0,
            "newDataPrecision": 1.0E-5
          }
        ],
        "realName": "Source_439",
        "behaviour": "GridRunner",
        "displayName": "Source_439",
        "screenX": 0,
        "screenY": 0,
        "screenW": 0,
        "screenH": 0,
        "hidden": false,
        "killMe": false
      },
      "behaviourName": "Source_439",
      "influenceActive": true,
      "neverSave": true
    }
  ],
  "behaviourName": "GridRunner",
  "influenceActive": true,
  "neverSave": false
}