{
  "totalParticles": 2000,
  "nParticles": 1180,
  "lifespan": 3500,
  "burstFreq": 3520,
  "burstQty": 31,
  "sourceRotation": 2,
  "totalActiveSources": 1,
  "influenceSize": 645,
  "maxspeed": 5.1,
  "randomspeed": 0.0,
  "yvelocity": 0.0,
  "gravity": 0.0,
  "burstFreqRandom": 0.0,
  "burstLength": 0.1,
  "coreSize": 0.24,
  "influenceIntensity": 0.88,
  "gridScale": 1.0,
  "gridWaveX": 0.0,
  "gridWaveZ": 0.0,
  "spread": 6.28,
  "heading": 3.96,
  "onGridFriction": 0.937,
  "onGridSteering": 0.0,
  "offGridFriction": 1.072,
  "offGridSteering": 0.0,
  "partScale": 1.1,
  "randomScale": 0.2,
  "sourceCadence": 200.0,
  "debugOpacity": 0.05,
  "vertexOpacity": 0.4,
  "segradius": 2,
  "lookahead": 14,
  "mouseSource": false,
  "sourceStep": true,
  "allSources": false,
  "linkedSources": false,
  "debug": false,
  "displayModel": false,
  "displaySegments": false,
  "displayParticles": true,
  "displayVertices": false,
  "displaySources": false,
  "displayCore": false,
  "modelName": "meander_for_GridRunner.obj",
  "particleSourceVars": [
    {
      "sourceName": "Source_PS",
      "sourceRotation": 2,
      "burstFreq": 3520,
      "burstQty": 31,
      "sourceCadence": 200.0,
      "spread": 6.28,
      "heading": 3.96,
      "burstFreqRandom": 0.0,
      "burstLength": 0.1,
      "yvelocity": 0.0,
      "position_x": -2755.5735,
      "position_y": -6101.7085,
      "position_z": 1081.7548,
      "active": true,
      "linked": false,
      "lifespan": 3500,
      "influenceSize": 645,
      "segradius": 2,
      "lookahead": 14,
      "maxspeed": 5.1,
      "randomspeed": 0.0,
      "coreSize": 0.24,
      "influenceIntensity": 0.88,
      "onGridFriction": 0.937,
      "onGridSteering": 0.0,
      "offGridFriction": 1.072,
      "offGridSteering": 0.0,
      "neverSave": true,
      "behaviourName": "Source_PS",
      "influenceActive": true,
      "masterIntensity": 1.0
    },
    {
      "sourceName": "Source_523",
      "sourceRotation": 2,
      "burstFreq": 3030,
      "burstQty": 17,
      "sourceCadence": 20.0,
      "spread": 6.28,
      "heading": 3.96,
      "burstFreqRandom": 0.0,
      "burstLength": 1.0,
      "yvelocity": 0.0,
      "position_x": -4311.557,
      "position_y": 2597.745,
      "position_z": 1999.7274,
      "active": false,
      "linked": false,
      "lifespan": 8000,
      "influenceSize": 395,
      "segradius": 2,
      "lookahead": 14,
      "maxspeed": 5.65,
      "randomspeed": 0.95,
      "coreSize": 0.1,
      "influenceIntensity": 0.81,
      "onGridFriction": 0.937,
      "onGridSteering": 0.6,
      "offGridFriction": 1.072,
      "offGridSteering": 1.0,
      "neverSave": true,
      "behaviourName": "Source_523",
      "influenceActive": true,
      "masterIntensity": 1.0
    },
    {
      "sourceName": "Source_522",
      "sourceRotation": 2,
      "burstFreq": 3030,
      "burstQty": 17,
      "sourceCadence": 20.0,
      "spread": 6.28,
      "heading": 3.96,
      "burstFreqRandom": 0.0,
      "burstLength": 1.0,
      "yvelocity": 0.0,
      "position_x": -4831.1724,
      "position_y": 1697.7451,
      "position_z": 1999.7274,
      "active": false,
      "linked": false,
      "lifespan": 8000,
      "influenceSize": 395,
      "segradius": 2,
      "lookahead": 14,
      "maxspeed": 5.65,
      "randomspeed": 0.95,
      "coreSize": 0.1,
      "influenceIntensity": 0.81,
      "onGridFriction": 0.937,
      "onGridSteering": 0.6,
      "offGridFriction": 1.072,
      "offGridSteering": 1.0,
      "neverSave": true,
      "behaviourName": "Source_522",
      "influenceActive": true,
      "masterIntensity": 1.0
    },
    {
      "sourceName": "Source_521",
      "sourceRotation": 2,
      "burstFreq": 3030,
      "burstQty": 17,
      "sourceCadence": 20.0,
      "spread": 6.28,
      "heading": 3.96,
      "burstFreqRandom": 0.0,
      "burstLength": 1.0,
      "yvelocity": 0.0,
      "position_x": -5350.7876,
      "position_y": 797.7451,
      "position_z": 1999.7274,
      "active": false,
      "linked": false,
      "lifespan": 8000,
      "influenceSize": 395,
      "segradius": 2,
      "lookahead": 14,
      "maxspeed": 5.65,
      "randomspeed": 0.95,
      "coreSize": 0.1,
      "influenceIntensity": 0.81,
      "onGridFriction": 0.937,
      "onGridSteering": 0.6,
      "offGridFriction": 1.072,
      "offGridSteering": 1.0,
      "neverSave": true,
      "behaviourName": "Source_521",
      "influenceActive": true,
      "masterIntensity": 1.0
    },
    {
      "sourceName": "Source_520",
      "sourceRotation": 2,
      "burstFreq": 3030,
      "burstQty": 17,
      "sourceCadence": 20.0,
      "spread": 6.28,
      "heading": 3.96,
      "burstFreqRandom": 0.0,
      "burstLength": 1.0,
      "yvelocity": 0.0,
      "position_x": -5870.403,
      "position_y": -102.2549,
      "position_z": 1999.7274,
      "active": false,
      "linked": false,
      "lifespan": 8000,
      "influenceSize": 395,
      "segradius": 2,
      "lookahead": 14,
      "maxspeed": 5.65,
      "randomspeed": 0.95,
      "coreSize": 0.1,
      "influenceIntensity": 0.81,
      "onGridFriction": 0.937,
      "onGridSteering": 0.6,
      "offGridFriction": 1.072,
      "offGridSteering": 1.0,
      "neverSave": true,
      "behaviourName": "Source_520",
      "influenceActive": true,
      "masterIntensity": 1.0
    },
    {
      "sourceName": "Source_519",
      "sourceRotation": 2,
      "burstFreq": 3030,
      "burstQty": 17,
      "sourceCadence": 20.0,
      "spread": 6.28,
      "heading": 3.96,
      "burstFreqRandom": 0.0,
      "burstLength": 1.0,
      "yvelocity": 0.0,
      "position_x": -4311.557,
      "position_y": -1002.2549,
      "position_z": 1999.7274,
      "active": false,
      "linked": false,
      "lifespan": 8000,
      "influenceSize": 395,
      "segradius": 2,
      "lookahead": 14,
      "maxspeed": 5.65,
      "randomspeed": 0.95,
      "coreSize": 0.1,
      "influenceIntensity": 0.81,
      "onGridFriction": 0.937,
      "onGridSteering": 0.6,
      "offGridFriction": 1.072,
      "offGridSteering": 1.0,
      "neverSave": true,
      "behaviourName": "Source_519",
      "influenceActive": true,
      "masterIntensity": 1.0
    },
    {
      "sourceName": "Source_530",
      "sourceRotation": 2,
      "burstFreq": 3030,
      "burstQty": 17,
      "sourceCadence": 20.0,
      "spread": 6.28,
      "heading": 3.96,
      "burstFreqRandom": 0.0,
      "burstLength": 1.0,
      "yvelocity": 0.0,
      "position_x": -3712.7815,
      "position_y": -6104.401,
      "position_z": 1331.7548,
      "active": false,
      "linked": false,
      "lifespan": 8000,
      "influenceSize": 395,
      "segradius": 2,
      "lookahead": 14,
      "maxspeed": 5.65,
      "randomspeed": 0.95,
      "coreSize": 0.1,
      "influenceIntensity": 0.81,
      "onGridFriction": 0.937,
      "onGridSteering": 0.6,
      "offGridFriction": 1.072,
      "offGridSteering": 1.0,
      "neverSave": true,
      "behaviourName": "Source_530",
      "influenceActive": true,
      "masterIntensity": 1.0
    },
    {
      "sourceName": "Source_529",
      "sourceRotation": 2,
      "burstFreq": 3030,
      "burstQty": 17,
      "sourceCadence": 20.0,
      "spread": 6.28,
      "heading": 3.96,
      "burstFreqRandom": 0.0,
      "burstLength": 1.0,
      "yvelocity": 0.0,
      "position_x": -2755.5735,
      "position_y": -6101.7085,
      "position_z": 1331.7548,
      "active": false,
      "linked": false,
      "lifespan": 8000,
      "influenceSize": 395,
      "segradius": 2,
      "lookahead": 14,
      "maxspeed": 5.65,
      "randomspeed": 0.95,
      "coreSize": 0.1,
      "influenceIntensity": 0.81,
      "onGridFriction": 0.937,
      "onGridSteering": 0.6,
      "offGridFriction": 1.072,
      "offGridSteering": 1.0,
      "neverSave": true,
      "behaviourName": "Source_529",
      "influenceActive": true,
      "masterIntensity": 1.0
    },
    {
      "sourceName": "Source_528",
      "sourceRotation": 2,
      "burstFreq": 3030,
      "burstQty": 17,
      "sourceCadence": 20.0,
      "spread": 6.28,
      "heading": 3.96,
      "burstFreqRandom": 0.0,
      "burstLength": 1.0,
      "yvelocity": 0.0,
      "position_x": -1712.5011,
      "position_y": -6102.053,
      "position_z": 1331.7548,
      "active": false,
      "linked": false,
      "lifespan": 8000,
      "influenceSize": 395,
      "segradius": 2,
      "lookahead": 14,
      "maxspeed": 5.65,
      "randomspeed": 0.95,
      "coreSize": 0.1,
      "influenceIntensity": 0.81,
      "onGridFriction": 0.937,
      "onGridSteering": 0.6,
      "offGridFriction": 1.072,
      "offGridSteering": 1.0,
      "neverSave": true,
      "behaviourName": "Source_528",
      "influenceActive": true,
      "masterIntensity": 1.0
    },
    {
      "sourceName": "Source_527",
      "sourceRotation": 2,
      "burstFreq": 3030,
      "burstQty": 17,
      "sourceCadence": 20.0,
      "spread": 6.28,
      "heading": 3.96,
      "burstFreqRandom": 0.0,
      "burstLength": 1.0,
      "yvelocity": 0.0,
      "position_x": -674.2505,
      "position_y": -6102.053,
      "position_z": 1331.7548,
      "active": false,
      "linked": false,
      "lifespan": 8000,
      "influenceSize": 395,
      "segradius": 2,
      "lookahead": 14,
      "maxspeed": 5.65,
      "randomspeed": 0.95,
      "coreSize": 0.1,
      "influenceIntensity": 0.81,
      "onGridFriction": 0.937,
      "onGridSteering": 0.6,
      "offGridFriction": 1.072,
      "offGridSteering": 1.0,
      "neverSave": true,
      "behaviourName": "Source_527",
      "influenceActive": true,
      "masterIntensity": 1.0
    },
    {
      "sourceName": "Source_525",
      "sourceRotation": 2,
      "burstFreq": 3030,
      "burstQty": 17,
      "sourceCadence": 20.0,
      "spread": 6.28,
      "heading": 3.96,
      "burstFreqRandom": 0.0,
      "burstLength": 1.0,
      "yvelocity": 0.0,
      "position_x": 362.206,
      "position_y": -6101.8276,
      "position_z": 1331.7548,
      "active": false,
      "linked": false,
      "lifespan": 8000,
      "influenceSize": 395,
      "segradius": 2,
      "lookahead": 14,
      "maxspeed": 5.65,
      "randomspeed": 0.95,
      "coreSize": 0.1,
      "influenceIntensity": 0.81,
      "onGridFriction": 0.937,
      "onGridSteering": 0.6,
      "offGridFriction": 1.072,
      "offGridSteering": 1.0,
      "neverSave": true,
      "behaviourName": "Source_525",
      "influenceActive": true,
      "masterIntensity": 1.0
    },
    {
      "sourceName": "Source_526",
      "sourceRotation": 2,
      "burstFreq": 3030,
      "burstQty": 17,
      "sourceCadence": 20.0,
      "spread": 6.28,
      "heading": 3.96,
      "burstFreqRandom": 0.0,
      "burstLength": 1.0,
      "yvelocity": 0.0,
      "position_x": -78.2489,
      "position_y": -5203.7715,
      "position_z": 1331.7548,
      "active": false,
      "linked": false,
      "lifespan": 8000,
      "influenceSize": 395,
      "segradius": 2,
      "lookahead": 14,
      "maxspeed": 5.65,
      "randomspeed": 0.95,
      "coreSize": 0.1,
      "influenceIntensity": 0.81,
      "onGridFriction": 0.937,
      "onGridSteering": 0.6,
      "offGridFriction": 1.072,
      "offGridSteering": 1.0,
      "neverSave": true,
      "behaviourName": "Source_526",
      "influenceActive": true,
      "masterIntensity": 1.0
    },
    {
      "sourceName": "Source_524",
      "sourceRotation": 2,
      "burstFreq": 3030,
      "burstQty": 17,
      "sourceCadence": 20.0,
      "spread": 6.28,
      "heading": 3.96,
      "burstFreqRandom": 0.0,
      "burstLength": 1.0,
      "yvelocity": 0.0,
      "position_x": 884.5952,
      "position_y": -5202.053,
      "position_z": 1331.7548,
      "active": false,
      "linked": false,
      "lifespan": 8000,
      "influenceSize": 395,
      "segradius": 2,
      "lookahead": 14,
      "maxspeed": 5.65,
      "randomspeed": 0.95,
      "coreSize": 0.1,
      "influenceIntensity": 0.81,
      "onGridFriction": 0.937,
      "onGridSteering": 0.6,
      "offGridFriction": 1.072,
      "offGridSteering": 1.0,
      "neverSave": true,
      "behaviourName": "Source_524",
      "influenceActive": true,
      "masterIntensity": 1.0
    },
    {
      "sourceName": "Source_290",
      "sourceRotation": 2,
      "burstFreq": 3030,
      "burstQty": 17,
      "sourceCadence": 20.0,
      "spread": 6.28,
      "heading": 3.96,
      "burstFreqRandom": 0.0,
      "burstLength": 1.0,
      "yvelocity": 0.0,
      "position_x": -4308.495,
      "position_y": -5202.053,
      "position_z": 1331.7548,
      "active": false,
      "linked": false,
      "lifespan": 8000,
      "influenceSize": 395,
      "segradius": 2,
      "lookahead": 14,
      "maxspeed": 5.65,
      "randomspeed": 0.95,
      "coreSize": 0.1,
      "influenceIntensity": 0.81,
      "onGridFriction": 0.937,
      "onGridSteering": 0.6,
      "offGridFriction": 1.072,
      "offGridSteering": 1.0,
      "neverSave": true,
      "behaviourName": "Source_290"
    }
  ],
  "neverSave": false,
  "behaviourName": "GridRunner",
  "influenceActive": true,
  "masterIntensity": 1.0
}