{
  "totalParticles": 2000,
  "nParticles": 1000,
  "lifespan": 10000,
  "linked": true,
"burstFreq": 50,
  "burstFreqRandom" : 0.0,
  "burstQty": 10,
  "sourceRotation": 2,
  "totalActiveSources": 0,
  "influenceSize": 225,
  "maxspeed": 6.0,
  "randomspeed": 0.4,
  "yvelocity": 0.0,
  "gravity": 0.0,
  "burstLength": 1.0,
  "coreSize": 0.61,
  "influenceIntensity": 0.21,
  "gridScale": 1.0,
  "gridWaveX": 0.0,
  "gridWaveZ": 0.0,
  "spread": 6.2831855,
  "heading": 0.0,
  "onGridFriction": 1.0,
  "onGridSteering": 1.0,
  "offGridFriction": 1.0,
  "offGridSteering": 0.3,
  "partScale": 1.0,
  "randomScale": 0.2,
  "sourceCadence": 120.0,
  "debugOpacity": 0.05,
  "vertexOpacity": 1.0,
  "segradius": 2,
  "lookahead": 30,
  "mouseSource": false,
  "sourceStep": true,
  "allSources": false,
  "linkedSources": true,
  "debug": false,
  "displayModel": true,
  "displaySegments": false,
  "displayParticles": false,
  "displayVertices": true,
  "displaySources": true,
  "displayCore": true,
  "modelName": "meander_for_GridRunner.obj",
  "particleSourceVars": [],
  "neverSave": false,
  "behaviourName": "GridRunner",
  "influenceActive": true,
  "masterIntensity": 1.0
}