{
  "136306": {"NR:8:P1:1_IR1": "THRESHOLD 300;FREQUENCY 15;POLLING ON;USE_LOCAL LIVE;"},
  "393074": {"SR:2:P1:1_IR1": "THRESHOLD 300;FREQUENCY 15;POLLING ON;USE_LOCAL LIVE;"},
  "432840": {"NR:7:P1:1_IR1": "THRESHOLD 300;FREQUENCY 15;POLLING ON;USE_LOCAL LIVE;"},
  "335639": {"NR:1:P1:1_IR1": "THRESHOLD 300;FREQUENCY 15;POLLING ON;USE_LOCAL LIVE;"},
  "336617": {"NR:3:P1:1_IR1": "THRESHOLD 300;FREQUENCY 15;POLLING ON;USE_LOCAL LIVE;"},
  "432836": {"SR:3:P1:1_IR1": "THRESHOLD 300;FREQUENCY 15;POLLING ON;USE_LOCAL LIVE;"},
  "335579": {"SR:1:P1:1_IR1": "THRESHOLD 300;FREQUENCY 14;POLLING ON;USE_LOCAL LIVE;"},
  "336612": {"NR:5:P1:1_IR1": "THRESHOLD 444;FREQUENCY 14;POLLING ON;USE_LOCAL LIVE;"},
  "336633": {"NR:6:P1:1_IR1": "THRESHOLD 300;FREQUENCY 9;POLLING ON;USE_LOCAL LIVE;"},
  "608444": {"SR:4:P1:1_IR1": "THRESHOLD 300;FREQUENCY 14;POLLING ON;USE_LOCAL LIVE;"},
  "608495": {"NR:4:P1:1_IR1": "THRESHOLD 300;FREQUENCY 14;POLLING ON;USE_LOCAL LIVE;"},
  "608485": {"NR:2:P1:1_IR1": "THRESHOLD 300;FREQUENCY 15;POLLING ON;USE_LOCAL LIVE;"},
  "607710": {"SR:5:P1:1_IR1": "THRESHOLD 266;FREQUENCY 6;POLLING ON;USE_LOCAL LIVE;"}
}