{
  "currentPatchables": {
    "NR:8:P1:1_IR1": {
      "dataPorts": [
        {
          "inport": false,
          "param": "pct_value",
          "val": "0.0",
          "min": 0.0,
          "max": 0.0,
          "trigger": 0.0,
          "newDataPrecision": 0.0
        }
      ],
      "realName": "NR:8:P1:1_IR1",
      "displayName": "NR:8:P1:1_IR1",
      "screenX": 40,
      "screenY": 420,
      "screenW": 0,
      "screenH": 0,
      "hidden": false,
      "killMe": false
    },
    "SR:4:P1:1_IR1": {
      "dataPorts": [
        {
          "inport": false,
          "param": "pct_value",
          "val": "0.0",
          "min": 0.0,
          "max": 0.0,
          "trigger": 0.0,
          "newDataPrecision": 0.0
        }
      ],
      "realName": "SR:4:P1:1_IR1",
      "displayName": "SR:4:P1:1_IR1",
      "screenX": 100,
      "screenY": 580,
      "screenW": 0,
      "screenH": 0,
      "hidden": false,
      "killMe": false
    },
    "NR:7:P1:1_IR1": {
      "dataPorts": [
        {
          "inport": false,
          "param": "pct_value",
          "val": "0.0",
          "min": 0.0,
          "max": 0.0,
          "trigger": 0.0,
          "newDataPrecision": 0.0
        }
      ],
      "realName": "NR:7:P1:1_IR1",
      "displayName": "NR:7:P1:1_IR1",
      "screenX": 220,
      "screenY": 420,
      "screenW": 0,
      "screenH": 0,
      "hidden": false,
      "killMe": false
    },
    "NR:4:P1:1_IR1": {
      "dataPorts": [
        {
          "inport": false,
          "param": "pct_value",
          "val": "0.0",
          "min": 0.0,
          "max": 0.0,
          "trigger": 0.0,
          "newDataPrecision": 0.0
        }
      ],
      "realName": "NR:4:P1:1_IR1",
      "displayName": "NR:4:P1:1_IR1",
      "screenX": 60,
      "screenY": 500,
      "screenW": 0,
      "screenH": 0,
      "hidden": false,
      "killMe": false
    },
    "SR:1:P1:1_IR1": {
      "dataPorts": [
        {
          "inport": false,
          "param": "pct_value",
          "val": "0.0",
          "min": 0.0,
          "max": 0.0,
          "trigger": 0.0,
          "newDataPrecision": 0.0
        }
      ],
      "realName": "SR:1:P1:1_IR1",
      "displayName": "SR:1:P1:1_IR1",
      "screenX": 140,
      "screenY": 20,
      "screenW": 0,
      "screenH": 0,
      "hidden": false,
      "killMe": false
    },
    "SR:5:P1:1_IR1": {
      "dataPorts": [
        {
          "inport": false,
          "param": "pct_value",
          "val": "0.0",
          "min": 0.0,
          "max": 0.0,
          "trigger": 0.0,
          "newDataPrecision": 0.0
        }
      ],
      "realName": "SR:5:P1:1_IR1",
      "displayName": "SR:5:P1:1_IR1",
      "screenX": 100,
      "screenY": 100,
      "screenW": 0,
      "screenH": 0,
      "hidden": false,
      "killMe": false
    },
    "NR:6:P1:1_IR1": {
      "dataPorts": [
        {
          "inport": false,
          "param": "pct_value",
          "val": "0.0",
          "min": 0.0,
          "max": 0.0,
          "trigger": 0.0,
          "newDataPrecision": 0.0
        }
      ],
      "realName": "NR:6:P1:1_IR1",
      "displayName": "NR:6:P1:1_IR1",
      "screenX": 120,
      "screenY": 660,
      "screenW": 0,
      "screenH": 0,
      "hidden": false,
      "killMe": false
    },
    "NR:3:P1:1_IR1": {
      "dataPorts": [
        {
          "inport": false,
          "param": "pct_value",
          "val": "0.0",
          "min": 0.0,
          "max": 0.0,
          "trigger": 0.0,
          "newDataPrecision": 0.0
        }
      ],
      "realName": "NR:3:P1:1_IR1",
      "displayName": "NR:3:P1:1_IR1",
      "screenX": 240,
      "screenY": 200,
      "screenW": 0,
      "screenH": 0,
      "hidden": false,
      "killMe": false
    },
    "SR:2:P1:1_IR1": {
      "dataPorts": [
        {
          "inport": false,
          "param": "pct_value",
          "val": "0.0",
          "min": 0.0,
          "max": 0.0,
          "trigger": 0.0,
          "newDataPrecision": 0.0
        }
      ],
      "realName": "SR:2:P1:1_IR1",
      "displayName": "SR:2:P1:1_IR1",
      "screenX": 60,
      "screenY": 180,
      "screenW": 0,
      "screenH": 0,
      "hidden": false,
      "killMe": false
    },
    "Source_475": {
      "dataPorts": [
        {
          "inport": true,
          "param": "active",
          "val": "false",
          "min": 0.0,
          "max": 0.0,
          "trigger": 0.5,
          "newDataPrecision": 1.0E-5
        },
        {
          "inport": true,
          "param": "burstQty",
          "val": "15",
          "min": 1.0,
          "max": 250.0,
          "trigger": 0.0,
          "newDataPrecision": 1.0E-5
        },
        {
          "inport": true,
          "param": "burstFreq",
          "val": "1820",
          "min": 10.0,
          "max": 5000.0,
          "trigger": 0.0,
          "newDataPrecision": 1.0E-5
        },
        {
          "inport": true,
          "param": "burstLength",
          "val": "0.1",
          "min": 0.1,
          "max": 1.0,
          "trigger": 0.0,
          "newDataPrecision": 1.0E-5
        }
      ],
      "realName": "Source_475",
      "behaviour": "GridRunner",
      "displayName": "Source_475",
      "screenX": 540,
      "screenY": 140,
      "screenW": 0,
      "screenH": 0,
      "hidden": false,
      "killMe": false
    },
    "NR:1:P1:1_IR1": {
      "dataPorts": [
        {
          "inport": false,
          "param": "pct_value",
          "val": "0.0",
          "min": 0.0,
          "max": 0.0,
          "trigger": 0.0,
          "newDataPrecision": 0.0
        }
      ],
      "realName": "NR:1:P1:1_IR1",
      "displayName": "NR:1:P1:1_IR1",
      "screenX": 220,
      "screenY": 300,
      "screenW": 0,
      "screenH": 0,
      "hidden": false,
      "killMe": false
    },
    "NR:2:P1:1_IR1": {
      "dataPorts": [
        {
          "inport": false,
          "param": "pct_value",
          "val": "0.0",
          "min": 0.0,
          "max": 0.0,
          "trigger": 0.0,
          "newDataPrecision": 0.0
        }
      ],
      "realName": "NR:2:P1:1_IR1",
      "displayName": "NR:2:P1:1_IR1",
      "screenX": 40,
      "screenY": 260,
      "screenW": 0,
      "screenH": 0,
      "hidden": false,
      "killMe": false
    },
    "NR:5:P1:1_IR1": {
      "dataPorts": [
        {
          "inport": false,
          "param": "pct_value",
          "val": "0.0",
          "min": 0.0,
          "max": 0.0,
          "trigger": 0.0,
          "newDataPrecision": 0.0
        }
      ],
      "realName": "NR:5:P1:1_IR1",
      "displayName": "NR:5:P1:1_IR1",
      "screenX": 240,
      "screenY": 520,
      "screenW": 0,
      "screenH": 0,
      "hidden": false,
      "killMe": false
    },
    "SR:3:P1:1_IR1": {
      "dataPorts": [
        {
          "inport": false,
          "param": "pct_value",
          "val": "0.0",
          "min": 0.0,
          "max": 0.0,
          "trigger": 0.0,
          "newDataPrecision": 0.0
        }
      ],
      "realName": "SR:3:P1:1_IR1",
      "displayName": "SR:3:P1:1_IR1",
      "screenX": 40,
      "screenY": 340,
      "screenW": 0,
      "screenH": 0,
      "hidden": false,
      "killMe": false
    },
    "Excitors": {
      "dataPorts": [
        {
          "inport": true,
          "param": "size",
          "val": "500",
          "min": 0.0,
          "max": 2000.0,
          "trigger": 0.0,
          "newDataPrecision": 1.0E-5
        },
        {
          "inport": true,
          "param": "coreSize",
          "val": "0.8",
          "min": 0.0,
          "max": 1.0,
          "trigger": 0.0,
          "newDataPrecision": 1.0E-5
        }
      ],
      "realName": "Excitors",
      "behaviour": "Excitors",
      "displayName": "Excitors",
      "screenX": 0,
      "screenY": 0,
      "screenW": 0,
      "screenH": 0,
      "hidden": true,
      "killMe": false
    }
  },
  "currentConnectors": [],
  "patcherUpdateFrequency": 50,
  "patcherSyncFrequency": 1000,
  "patcherScanFrequency": 5000,
  "autoScanPatchables": false,
  "showHidden": true,
  "gridSize": 20,
  "defaultSnap": true,
  "zoom": 1.0,
  "neverSave": false,
  "behaviourName": "Patcher",
  "influenceActive": true,
  "masterIntensity": 1.0
}