{
  "432834": {"TG:1:HU:3_SD1": "ENVELOPEPIN 17;THRESHOLD 5;FREQUENCY 8;POLLING ON;USE_LOCAL LIVE;"},
  "393069": {"TG:5:HU:3_SD1": "ENVELOPEPIN 17;THRESHOLD 5;FREQUENCY 9;POLLING ON;USE_LOCAL LIVE;"},
  "356656": {"SR:3:ND:1_SD1": "ENVELOPEPIN 30;THRESHOLD 5;FREQUENCY 9;POLLING ON;USE_LOCAL LIVE;"},
  "379775": {"NR:4:ND:1_SD1": "ENVELOPEPIN 30;THRESHOLD 5;FREQUENCY 10;POLLING ON;USE_LOCAL LIVE;"},
  "432838": {"TG:2:HU:3_SD1": "ENVELOPEPIN 17;THRESHOLD 5;FREQUENCY 8;POLLING ON;USE_LOCAL LIVE;"},
  "608321": {"NR:6:ND:1_SD1": "ENVELOPEPIN 30;THRESHOLD 5;FREQUENCY 10;POLLING ON;USE_LOCAL LIVE;"},
  "608465": {"SR:5:ND:1_SD1": "ENVELOPEPIN 30;THRESHOLD 5;FREQUENCY 30;POLLING ON;USE_LOCAL LIVE;"},
  "258613": {"SR:1:ND:1_SD1": "ENVELOPEPIN 30;THRESHOLD 5;FREQUENCY 10;POLLING ON;USE_LOCAL LIVE;"},
  "435162": {"SR:2:ND:1_SD1": "ENVELOPEPIN 30;THRESHOLD 5;FREQUENCY 10;POLLING ON;USE_LOCAL LIVE;"},
  "259304": {"NR:1:ND:1_SD1": "ENVELOPEPIN 30;THRESHOLD 5;FREQUENCY 10;POLLING ON;USE_LOCAL LIVE;"},
  "608441": {"SR:4:ND:1_SD1": "ENVELOPEPIN 30;THRESHOLD 5;FREQUENCY 10;POLLING ON;USE_LOCAL LIVE;"},
  "379763": {"TG:3:HU:3_SD1": "ENVELOPEPIN 17;THRESHOLD 5;FREQUENCY 10;POLLING ON;USE_LOCAL LIVE;"},
  "607786": {"NR:5:ND:1_SD1": "ENVELOPEPIN 30;THRESHOLD 5;FREQUENCY 10;POLLING ON;USE_LOCAL LIVE;"},
  "607632": {"TG:4:HU:3_SD1": "ENVELOPEPIN 17;THRESHOLD 5;FREQUENCY 10;POLLING ON;USE_LOCAL LIVE;"},
  "432771": {"NR:2:F1:1_SD1": "ENVELOPEPIN 30;THRESHOLD 5;FREQUENCY 9;POLLING ON;USE_LOCAL LIVE;"},
  "607814": {"NR:8:ND:1_SD1": "ENVELOPEPIN 30;THRESHOLD 5;FREQUENCY 10;POLLING ON;USE_LOCAL LIVE;"}
}